match_idx,date,tournament,favorite,underdog,score,p_fav_win,fav_won,fav_lost,elo_fav_pre,elo_und_pre,elo_diff,delta_classic,delta_fixed5,delta_adaptive,consistency,surprise,adaptive_cap,post_elo_classic,post_elo_fixed5,post_elo_adaptive
150,1903-03-21,British Home Championship,Scotland,Northern Ireland,0-2,0.9574699181913305,False,True,1723.1482326075013,1247.1766645750295,475.97156803247185,-34.468917054887896,-20.0,-30.0,1.0,0.12214476874955736,30.0,1688.6793155526134,1707.9149004900091,1685.6787279730652
168,1905-03-06,British Home Championship,Scotland,Wales,3-1,0.8576326241602472,False,True,1671.7359046100448,1294.7795793810697,376.9563252289752,-30.8747744697689,-20.0,-30.0,1.0,0.515122865095683,30.0,1640.861130140276,1668.552077604041,1638.6033066474627
182,1906-03-03,British Home Championship,Scotland,Wales,0-2,0.897814008818712,False,True,1637.9066963374785,1325.3886900670263,312.51800627045213,-32.32130431747363,-20.0,-30.0,0.8430499209114019,0.29446629596792284,30.0,1605.5853920200047,1643.5476488484162,1605.5624636939724
269,1910-03-19,British Home Championship,Scotland,Northern Ireland,1-0,0.8139383278994416,False,True,1612.3560777008279,1290.9822456661534,321.3738320346745,-19.5345198695866,-20.0,-11.284909446975412,0.08787484763663343,0.14698913796202628,11.284909446975412,1592.8215578312413,1617.1101669769153,1602.5756054339533
386,1913-02-15,British Home Championship,England,Northern Ireland,2-1,0.9273138408407764,False,True,1785.86832939578,1278.5583208858386,507.3100085099413,-22.255532180178633,-20.0,-14.545441789118449,0.23359778715538956,0.11738686217363764,14.545441789118449,1763.6127972156014,1769.1472751668534,1778.6182016853704
425,1914-02-14,British Home Championship,England,Northern Ireland,0-3,0.9529364605960731,False,True,1771.3734732571315,1313.821729719314,457.55174353781763,-40.02333134503507,-20.0,-22.255961145930627,0.5187164953169662,0.22584565729042994,22.255961145930627,1731.3501419120964,1757.0129711804786,1763.6899421808375
534,1918-06-16,Friendly,Denmark,Norway,3-1,0.8680248084711026,False,True,1705.4735466558188,1313.2576119724943,392.2159346833246,-31.248893104959695,-20.0,-30.0,1.0,0.21479134676920575,30.0,1674.224653550859,1671.7402384188895,1660.036773333561
600,1920-03-15,British Home Championship,England,Wales,1-2,0.9015369321257161,False,True,1708.2020085955921,1388.5179448398674,319.68406375572476,-21.636886371017184,-20.0,-22.07582913272804,0.755207440741555,0.3729216786345495,29.108352006873716,1686.565122224575,1712.977975665348,1717.3562632650471
606,1920-04-29,Muratti Vase,Guernsey,Alderney,1-0,0.8137375616496689,False,True,1632.6403928386014,1376.4967611352015,256.14363170339993,-19.529701479592056,-19.571758875888825,-19.278336598308872,1.0,0.23183094333066168,30.0,1613.1106913590095,1615.5954426518347,1607.72200408529
852,1923-10-20,British Home Championship,England,Northern Ireland,2-1,0.837701086621079,False,True,1713.1583999256782,1363.049013272945,350.10938665273306,-20.104826078905894,-20.0,-20.886031396877463,1.0,0.19594878490802664,30.0,1693.0535738467722,1706.7766804391733,1715.74794719052
882,1924-03-03,British Home Championship,England,Wales,1-2,0.8660616219494501,False,True,1691.4496814242164,1432.1921780103876,259.2575034138288,-20.7854789267868,-20.0,-20.93506857623365,0.6568993260146216,0.10567124283064255,24.61095376699606,1670.6642024974296,1684.4905250121951,1692.098227267198
895,1924-04-21,Peace Cup,Guernsey,Alderney,1-2,0.8866337980389415,False,True,1643.5483920952506,1351.2441179385014,292.3042741567492,-21.279211152934597,-20.0,-21.17618387515937,1.0,0.12238414875332937,30.0,1622.269180942316,1625.3474960325896,1618.8167668465749
1036,1925-07-14,Friendly,Uruguay,Paraguay,0-1,0.8303572251329885,False,True,1684.1987317931123,1473.3068912876752,210.89184050543713,-19.928573403191724,-20.0,-11.635972040738192,0.09033947291916777,0.18347808633477058,11.635972040738192,1664.2701583899207,1668.4269577606951,1677.880329975336
1081,1926-03-01,British Home Championship,England,Wales,1-3,0.8692000800525658,False,True,1676.965570040201,1412.960658257588,264.00491178261314,-31.291202881892367,-20.0,-26.360761156040553,0.6520508279398595,0.33894266068549056,26.360761156040553,1645.6743671583088,1667.3603822950522,1667.4522653086324
1223,1927-10-22,British Home Championship,England,Northern Ireland,2-0,0.8060490002199767,False,True,1695.5398179012836,1383.0720495040753,312.4677683972084,-29.017764007919162,-20.0,-29.744163733152025,1.0,0.1877549031037817,30.0,1666.5220538933645,1689.8746727661617,1675.4181543985778
1241,1927-11-28,British Home Championship,England,Wales,1-2,0.838446974749604,False,True,1666.5220538933645,1445.4578510888873,221.0642028044772,-20.122727393990495,-20.0,-20.240947353835946,0.29995796609796366,0.7779404844049138,21.42251506159044,1646.399326499374,1669.8746727661617,1655.1772070447419
1249,1928-02-25,British Home Championship,Scotland,Northern Ireland,0-1,0.9030009339058332,False,True,1702.490357939692,1379.9220993127174,322.56825862697474,-21.67202241374,-20.0,-21.873776877537907,0.705315420415995,0.24824933098427476,26.913564737858078,1680.818335525952,1691.4491787786048,1680.3136881998964
1313,1928-08-15,Friendly,Uruguay,Paraguay,3-1,0.808724079599888,False,True,1743.8219022465305,1428.3658726808908,315.4560295656397,-29.11406686559597,-20.0,-28.561428361825925,0.9379722027605233,0.44263966155407974,30.0,1714.7078353809345,1725.4137312385628,1724.4533492655412
1384,1929-06-23,Nordic Championship,Denmark,Norway,2-5,0.8215286920536753,False,True,1609.1875652274512,1408.9658334566448,200.2217317708064,-34.504205066254364,-20.0,-17.493657114529658,0.28774614097383866,0.3234687163946913,17.493657114529658,1574.6833601611968,1585.9970284719627,1581.8605704279478
1577,1931-05-14,Friendly,England,France,5-2,0.8354381655528316,False,True,1706.5503538339278,1359.3162772813737,347.23407655255414,-35.088402953218925,-20.0,-13.401070228725207,0.10351985460928363,0.36457421476279994,13.401070228725207,1671.4619508807089,1696.9859655536104,1686.9330345950575
1589,1931-06-14,Friendly,Denmark,Netherlands,0-2,0.8456870462479772,False,True,1632.2385445653995,1401.7156269410723,230.5229176243272,-30.444733664927178,-20.0,-10.546638684494384,0.029791292006535203,0.2289559595421924,10.546638684494384,1601.7938109004724,1615.8020484775968,1621.2730314203975
1624,1931-10-11,Nordic Championship,Denmark,Finland,2-3,0.8346753353626513,False,True,1570.5397866738656,1354.2678147169595,216.2719719569061,-20.03220804870363,-20.0,-20.344006766863544,1.0,0.4480124763070584,30.0,1550.507578625162,1562.8878341182815,1568.1031173718466
1659,1932-04-17,Central European International Cup,Czechoslovakia,Switzerland,5-1,0.8165326410773802,False,True,1657.2443542604274,1332.8784577578185,324.36589650260885,-36.74396884848211,-20.0,-30.0,0.7945315714760718,0.5962623802005593,30.0,1620.5003854119452,1636.8946532563314,1629.6044531209245
1722,1932-10-26,British Home Championship,Scotland,Wales,2-5,0.8976124645490933,False,True,1708.1982922976736,1396.0615781370423,312.1367141606313,-37.69972351106192,-20.0,-9.428399048543495,0.0016905199993225918,0.17347832106996913,9.428399048543495,1670.4985687866117,1688.7261417265895,1697.372538549958
1750,1933-04-09,Friendly,Austria,Czechoslovakia,1-2,0.8014419286132908,False,True,1802.1653781676343,1624.7715727221166,177.39380544551773,-19.23460628671898,-18.845898194132683,-15.441087182834304,0.2771795964383514,0.09859710853923392,15.441087182834304,1782.9307718809155,1779.380331226356,1783.3334584374752
1752,1933-04-23,Friendly,Spain,France,1-0,0.8094868994314657,False,True,1701.988383761801,1385.6743919764194,316.31399178538163,-19.427685586355175,-20.0,-19.983593034257446,1.0,0.15867268849549643,30.0,1682.5606981754459,1685.5888471619573,1692.4401717820003
1765,1933-06-04,Friendly,Poland,Belgium,0-1,0.8196798586269244,False,True,1596.9070498303072,1398.8670400567426,198.04000977356463,-19.672316607046184,-19.440146323323884,-19.353889136770253,1.0,0.44696225519888344,30.0,1577.234733223261,1566.2171195044236,1574.4836064808514
1794,1933-09-16,British Home Championship,Scotland,Northern Ireland,1-2,0.8922477080689015,False,True,1682.706151610088,1380.482581804238,302.22356980585005,-21.413944993653637,-20.0,-15.513223018579875,0.16235117157194728,0.4520993626066425,15.513223018579875,1661.2922066164344,1680.894876607574,1693.511141072893
1820,1933-11-15,British Home Championship,England,Wales,1-2,0.8775180998082064,False,True,1749.1467524473278,1472.0730853938996,277.07366705342815,-21.060434395396953,-20.0,-21.19663187818935,1.0,0.13587318335173248,30.0,1728.086318051931,1741.9616281462977,1736.9349114308593
2053,1935-11-17,Friendly,Sweden,Belgium,5-1,0.8085965377057424,False,True,1641.7568527170695,1326.4440175342645,315.312835182805,-36.3868441967584,-20.0,-15.718983003709877,0.08824011932009414,0.7001525175034522,15.718983003709877,1605.370008520311,1630.9651744917765,1633.803393629424
2066,1936-02-05,British Home Championship,England,Wales,1-2,0.8678458566356104,False,True,1752.300439316951,1490.35571513862,261.94472417833094,-20.82830055925465,-20.0,-20.873313219526686,1.0,0.33475165194132817,30.0,1731.4721387576965,1741.1260760772109,1734.8206538801094
2087,1936-05-09,Friendly,England,Belgium,3-2,0.8633322410102006,False,True,1716.7504721051366,1331.5457174079431,385.2047546971935,-20.719973784244814,-20.0,-20.86548123217102,1.0,0.41784413311315227,30.0,1696.0304983208919,1706.4330594218895,1699.6712940703078
2116,1936-09-06,Nordic Championship,Norway,Finland,0-2,0.8084106650180453,False,True,1534.5317099526985,1349.4274282012716,185.10428175142692,-29.10278394064963,-20.0,-17.030272015186092,0.13904540854387246,0.711647776266644,17.030272015186092,1505.4289260120488,1495.939676296551,1517.2113269218887
2138,1936-12-02,British Home Championship,Scotland,Wales,1-2,0.8137233288916886,False,True,1704.7796842054386,1513.6523646414964,191.12731956394214,-19.529359893400528,-20.0,-19.80825290912607,1.0,0.17250447530190288,30.0,1685.250324312038,1695.0671835895223,1696.7654931109728
2153,1937-01-10,Copa América,Uruguay,Chile,3-0,0.8434684697573877,False,True,1658.956863795106,1366.3700551210611,292.58680867404496,-35.42567572981028,-20.0,-9.678530022697492,0.008499905431645282,0.18431653654225086,9.678530022697492,1623.5311880652957,1651.6383024411605,1657.928081676222
2259,1937-11-28,Friendly,Spain,Portugal,1-2,0.859813443639733,False,True,1712.2935947472758,1462.2144492694538,250.07914547782207,-20.635522647353593,-20.0,-20.7310383045059,0.6733245974353131,0.22930969874523865,25.994267928409425,1691.6580720999223,1691.5583346829312,1696.860976001057
2271,1938-01-22,FIFA World Cup qualification,Israel,Greece,1-3,0.8132505890011177,False,True,1459.1099852678287,1268.5239269661695,190.58605830165925,-29.27702120404024,-20.0,-29.133131439104538,1.0,0.47984173171737043,30.0,1429.8329640637885,1440.0644216386604,1439.9488771177043
2320,1938-05-21,Friendly,England,Switzerland,2-1,0.8209611708980222,False,True,1760.5916217929948,1431.0414666813442,329.5501551116506,-19.70306810155253,-20.0,-16.218367421998202,0.1664614092158186,0.5279117001023195,16.218367421998202,1740.8885536914422,1742.232093231022,1733.0713836141906
2360,1938-07-16,Friendly,Trinidad and Tobago,Suriname,1-2,0.806787809594805,False,True,1668.0506960246548,1484.760774646057,183.2899213785979,-19.36290743027532,-19.324070435746638,-19.284823549888088,0.7487870814543354,0.3234154787495809,28.558213784900694,1648.6877885943795,1644.0606943686319,1644.4365934334471
2444,1939-03-26,Friendly,Germany,Luxembourg,2-1,0.8753204395635849,False,True,1688.0463831556,1284.497660238644,403.5487229169562,-21.007690549526036,-20.0,-15.137791175861215,0.22251074392709005,0.22469166520138173,15.137791175861215,1667.0386926060742,1680.577711252429,1681.7973038378425
2487,1939-09-02,Friendly,China,Japan,0-3,0.8581135031195426,False,True,1690.11432434597,1377.4728564585205,312.6414678874496,-36.040767131020786,-20.0,-30.0,1.0,0.15423996762940373,30.0,1654.0735572149492,1665.156117696885,1648.5573962371939
2500,1939-11-12,Friendly,Italy,Switzerland,3-1,0.8223469185674075,False,True,1869.4391101972728,1538.2461803646954,331.1929298325774,-29.60448906842667,-20.0,-30.0,1.0,0.06010753974003896,30.0,1839.8346211288463,1845.9653597431804,1832.8307324717973
2515,1940-03-10,Copa Roca,Argentina,Brazil,2-3,0.8303390966379411,False,True,1821.8276892703802,1610.958204412548,210.86948485783228,-19.928138319310587,-19.97159178439424,-19.90946752649356,1.0,0.054197470624960165,30.0,1801.8995509510696,1809.1316724012304,1804.714556409133
2522,1940-03-31,Friendly,Netherlands,Luxembourg,4-5,0.8248777501275854,False,True,1502.9037644250209,1298.6844599710112,204.21930445400972,-19.79706600306205,-19.594244233903165,-19.487185866752895,0.6590782191538896,0.5764307700872984,28.42932342039174,1483.1066984219588,1486.5132580652003,1482.242907232396
2527,1940-04-14,Friendly,Germany,Yugoslavia,1-2,0.8456564718159587,False,True,1700.9918022154457,1470.5095809418879,230.4822212735578,-20.29575532358301,-20.0,-20.570280391270767,0.6426465339071556,0.15367413974455246,24.652909931728153,1680.6960468918626,1689.8385461794442,1694.5962490033787
2577,1941-02-22,Friendly,Uganda,Kenya,3-4,0.8573556414982272,False,True,1623.2812819315468,1376.7187180684532,246.5625638630936,-20.576535395957453,-20.0,-20.273252468083328,1.0,0.2798055450965405,30.0,1602.7047465355893,1602.1730297027943,1594.3454387864108
2635,1942-02-01,Friendly,Germany,Switzerland,1-2,0.8319427333542395,False,True,1712.0879147031417,1499.233459898393,212.85445480474868,-19.96662560050175,-20.0,-17.14320896133211,0.2758565845176744,0.31533136661349054,17.14320896133211,1692.1212891026398,1703.2750710196551,1699.1874876466823
2682,1943-07-11,Copa Chevallier Boutell,Argentina,Paraguay,2-1,0.8399088203724174,False,True,1837.7774621049014,1484.8315671674445,352.94589493745684,-20.15781168893802,-20.0,-20.056520451585815,0.44871837106220863,0.1609099432616012,20.056520451585815,1817.6196504159634,1824.5143289697003,1826.0348169396054
2695,1943-12-07,CCCF Championship,Costa Rica,Guatemala,2-3,0.8849833351393187,False,True,1720.717373924895,1366.24764492482,354.46972900007495,-21.23960004334365,-20.0,-20.777276553363734,1.0,0.15171357316074563,30.0,1699.4777738815512,1693.6016917055274,1679.8160506527418
2703,1943-12-16,CCCF Championship,Costa Rica,Guatemala,4-2,0.829682914677895,False,True,1677.4808444408084,1402.4192721896568,275.0615722511516,-29.86858492840422,-20.0,-28.772533115599764,0.815323640952961,0.15059571659108764,28.772533115599764,1647.612259512404,1657.1137547462315,1630.088339043295
2716,1944-07-29,Friendly,Curaçao,Aruba,2-4,0.8095142564863762,False,True,1604.471679447994,1418.1268697783507,186.34480966964315,-29.142513233509543,-20.0,-16.44151028232303,0.28441557773587,0.2019420520827684,16.44151028232303,1575.3291662144843,1584.4942512505168,1581.301993620016
2768,1945-06-30,Friendly,Latvia,Lithuania,3-7,0.8227846456003329,False,True,1413.8347871665608,1212.1208547969889,201.71393236957192,-37.02530905201498,-20.0,-12.17597389697195,0.058067609625006116,0.34779390824647544,12.17597389697195,1376.8094781145458,1399.4793045641923,1419.7701255065547
2770,1945-07-07,Copa Chevallier Boutell,Argentina,Paraguay,5-1,0.8354910953793665,False,True,1844.4843042241023,1497.1833382505215,347.3009659735808,-37.59709929207149,-20.0,-15.025375663626715,0.20751383889491307,0.25563044126860024,15.025375663626715,1806.8872049320307,1829.9096574882121,1838.1011289073276
2829,1946-03-10,CCCF Championship,Costa Rica,Guatemala,1-4,0.8350617557752319,False,True,1681.7996162121356,1465.0407253641758,216.75889084795972,-35.07259374255974,-20.0,-30.0,1.0,0.15252385658138212,30.0,1646.7270224695758,1670.2636194012882,1636.708876488681
2947,1947-05-18,Friendly,Scotland,Belgium,2-1,0.8289279911585196,False,True,1714.2216944258485,1375.0865544614608,339.1351399643877,-19.89427178780447,-20.0,-20.13166087920375,0.820360779683971,0.10158385321226948,28.50132953811346,1694.327422638044,1701.660398232008,1700.0052488733186
3000,1947-10-04,British Home Championship,Scotland,Northern Ireland,2-0,0.8013142776425122,False,True,1701.398257298754,1394.1437687653497,307.25448853340436,-28.84731399513044,-20.0,-22.266546001945684,0.5505146526463551,0.13177429230414547,22.266546001945684,1672.5509433036236,1688.7793991253932,1684.9592655220501
3015,1947-11-05,Friendly,Trinidad and Tobago,Guyana,1-2,0.8295928527880457,False,True,1609.4248036764052,1399.4739253448215,209.95087833158368,-19.910228466913097,-19.898270314027222,-20.08640092975667,0.41160291660010806,0.35728061108739373,20.736714887101744,1589.514575209492,1591.8590033940275,1599.6860427098036
3171,1948-11-07,Balkan Cup,Hungary,Bulgaria,1-0,0.8706786089463497,False,True,1754.419165362937,1358.1441624618353,396.27500290110174,-20.896286614712395,-20.0,-20.87239723944243,1.0,0.1882972130235408,30.0,1733.5228787482247,1744.4494676598763,1740.2774906097072
3201,1949-04-09,British Home Championship,England,Scotland,1-3,0.8087240304247278,False,True,1820.199595122414,1634.743620780966,185.45597434144793,-29.1140650952902,-20.0,-28.459962762213003,1.0,0.12357945050304386,30.0,1791.0855300271237,1787.2142972099991,1778.4213767171384
3209,1949-04-17,Copa América,Uruguay,Bolivia,3-2,0.8740469983263804,False,True,1659.5743165140916,1323.0438110132106,336.53050550088096,-20.97712795983313,-20.0,-20.94398207775511,1.0,0.08647904942444098,30.0,1638.5971885542585,1647.2514140923374,1647.2423768693113
3283,1949-09-04,Friendly,Czechoslovakia,Bulgaria,1-3,0.8447336191490854,False,True,1608.2973885878766,1379.0404490765477,229.25693951132894,-30.410410289367075,-20.0,-18.175561479095695,0.3536663087018858,0.21094625878130435,18.175561479095695,1577.8869782985096,1609.313603751292,1592.4316104292468
3288,1949-09-11,Nordic Championship,Denmark,Finland,0-2,0.9368055682146128,False,True,1594.9831788566019,1191.5949187698245,403.38826008677734,-33.72500045572606,-20.0,-30.0,1.0,0.3325365870314564,30.0,1561.2581784008757,1575.109639613708,1569.6319989414774
3293,1949-09-21,Friendly,England,Republic of Ireland,0-2,0.9028047435096564,False,True,1790.255552262165,1468.076047418688,322.17950484347716,-32.500970766347635,-20.0,-10.468666806524112,0.01523837490492506,0.2628682261007388,10.468666806524112,1757.7545814958175,1765.1038220931857,1768.1328167949612
3401,1950-06-29,FIFA World Cup,England,United States,0-1,0.917789902091276,False,True,1822.5755414418759,1403.4482975764586,419.1272438654173,-22.026957650190624,-20.0,-22.179781831931354,1.0,0.12220702740177404,30.0,1800.5485837916854,1806.4316324609754,1807.368639568698
3430,1950-09-07,Friendly,Yugoslavia,Finland,3-2,0.8886829599823505,False,True,1683.3128361908225,1257.4387549097476,425.87408128107495,-21.32839103957641,-20.0,-21.406620318406667,0.5699689575715299,0.6004144979088732,26.4825709649877,1661.984445151246,1659.9385345928993,1656.9108203518183
3522,1951-06-17,Friendly,Germany,Turkey,1-2,0.8756356074523169,False,True,1751.3977105082693,1477.3467661912748,274.05094431699445,-21.015254578855608,-20.0,-21.078705446435706,1.0,0.28710688716259997,30.0,1730.3824559294137,1737.7174552771169,1734.98763052553
3540,1951-09-22,Friendly,New Caledonia,New Zealand,4-6,0.8480355808164507,False,True,1505.787038007435,1272.118174124441,233.66886388299395,-30.529280909392224,-20.0,-30.0,1.0,0.1569040737559947,30.0,1475.257757098043,1486.2219989831644,1475.9844687901948
3547,1951-09-30,Friendly,New Caledonia,New Zealand,1-3,0.8102939798154444,False,True,1482.564905894006,1295.3403062378702,187.22459965613575,-29.170583273355998,-20.0,-18.806336310851318,0.3854986475184992,0.19429609630091693,18.806336310851318,1453.39432262065,1473.3031702663495,1464.6718567621983
3548,1951-09-30,Nordic Championship,Sweden,Norway,3-4,0.8230028502311989,False,True,1657.8476793786429,1455.8736528159893,201.97402656265353,-19.752068405548773,-20.0,-20.194977241289394,0.8890930849882344,0.35378898199386366,30.0,1638.0956109730942,1637.6149989633818,1641.1236729628686
3566,1951-11-14,British Home Championship,Scotland,Wales,0-1,0.8218810935488631,False,True,1736.542538559617,1535.9029505757294,200.63958798388762,-19.725146245172713,-19.959066301859277,-9.925795006221604,0.02746524617207015,0.15832863726149,9.925795006221604,1716.8173923144443,1712.5531017327537,1718.1524849634297
3628,1952-05-27,Friendly,Hungary,Russia,2-1,0.8087493860793069,False,True,1775.9332544633596,1460.4488040324998,315.48445043085985,-19.409985265903366,-19.344314607769256,-19.176420279710058,0.36435941733133864,0.30397428296974105,19.176420279710058,1756.5232691974563,1768.455415187537,1763.2308143520004
3634,1952-06-10,Friendly,Norway,Finland,1-2,0.8376116308317577,False,True,1475.625721221538,1255.6306096639823,219.99511155755567,-20.102679139962184,-20.0,-19.81888327275581,0.6968117297661516,0.811978391009086,30.0,1455.5230420815758,1439.635904196415,1432.1701069745484
3636,1952-06-13,Friendly,Sweden,Finland,3-1,0.895692494838581,False,True,1649.2706396753233,1275.7332888039446,373.53735087137875,-32.244929814188914,-20.0,-25.36156027612335,0.6176662073706067,0.31719641240359847,25.36156027612335,1617.0257098611344,1630.402032203973,1622.6766248668303
3699,1953-02-22,Copa América,Peru,Bolivia,0-1,0.8436259740529953,False,True,1584.4889749165434,1356.6948448783141,227.79413003822924,-20.247023377271887,-20.0,-17.504731058166573,0.24435858033504018,0.455015641265701,17.504731058166573,1564.2419515392714,1552.5004602622657,1569.5567415108997
3934,1954-05-09,Friendly,Yugoslavia,Belgium,0-2,0.8165422724558188,False,True,1762.1009517551568,1567.7238863827292,194.37706537242752,-29.395521808409477,-20.0,-29.84157296908761,1.0,0.12111064940585549,30.0,1732.7054299467472,1737.7437524180873,1731.5973148313956
3989,1954-08-01,Friendly,Suriname,Netherlands,3-4,0.829383886959562,False,True,1562.7947605885756,1353.1005405571636,209.694220031412,-19.90521328702949,-20.0,-16.884419026492445,0.30505026284374204,0.1954015897803293,16.884419026492445,1542.8895473015461,1546.5076164009445,1544.989795804517
4018,1954-10-16,Friendly,Germany,France,1-3,0.8150090175519716,False,True,1796.0584011894614,1603.4536591442936,192.60474204516777,-29.340324631870978,-20.0,-17.275548651147627,0.1485887098494438,0.7136774518451219,17.275548651147627,1766.7180765575904,1785.8635201398358,1773.825550995763
4089,1955-05-22,Friendly,England,Portugal,3-1,0.8046209465446174,False,True,1771.0958961203733,1460.21056291071,310.88533320966326,-28.966354075606226,-20.0,-21.231755576318896,0.5231010784798275,0.08466621160037963,21.231755576318896,1742.129542044767,1754.251391478813,1755.464501041297
4111,1955-07-14,Friendly,Mauritius,Madagascar,2-1,0.815904101093641,False,True,1707.1112232907162,1448.4732223980848,258.63800089263145,-19.581698426247385,-19.37623636025373,-19.282697049240554,1.0,0.1690653929521544,30.0,1687.5295248644688,1686.7903290917543,1687.538675161397
4202,1956-01-24,Copa América,Brazil,Chile,1-4,0.8101474236053238,False,True,1796.3034442900296,1544.2444202478648,252.05902404216476,-34.0261917914236,-20.0,-12.248312365695519,0.08061570370469563,0.28919193459785286,12.248312365695519,1762.277252498606,1771.1806689520915,1783.668698144665
4216,1956-02-19,Friendly,Hungary,Turkey,3-1,0.8880470911879409,False,True,1956.7730249602434,1532.0127793717104,424.76024558853305,-31.969695282765873,-20.0,-30.0,1.0,0.1717839072284827,30.0,1924.8033296774777,1939.9477627332508,1924.9654286329367
4235,1956-03-14,Friendly,Germany,Netherlands,1-2,0.8592583881551789,False,True,1716.5914166364053,1467.3109126490388,249.2805039873665,-20.622201315724293,-20.0,-21.103161134259338,0.7255378931030533,0.36312903574330146,28.31794172041969,1695.9692153206809,1711.5043078147776,1702.32047453759
4255,1956-04-22,Friendly,Yugoslavia,Romania,0-1,0.870000417298932,False,True,1782.783804125262,1517.5528030425621,265.2310010826998,-20.880010015174367,-20.0,-19.216334966085682,0.45030838146817004,0.05111672635620057,19.216334966085682,1761.9037941100876,1759.5958806939107,1751.1783674426379
4271,1956-05-20,Central European International Cup,Hungary,Czechoslovakia,2-4,0.9086719709518644,False,True,1921.6206102428366,1587.4993915601353,334.1212186827013,-32.712190954267115,-20.0,-30.0,0.849311902351006,0.2883292157297833,30.0,1888.9084192885696,1916.1570831635115,1891.8430064095587
4277,1956-06-03,Friendly,Hungary,Belgium,5-4,0.854471794955123,False,True,1888.9084192885696,1516.4081956822438,372.5002236063258,-20.50732307892295,-20.0,-20.954401102768163,0.8519308103588978,0.8880416981187419,30.0,1868.4010962096465,1896.1570831635115,1870.8886053067906
4306,1956-08-05,Friendly,Brazil,Czechoslovakia,0-1,0.8346577323405073,False,True,1836.4613950830492,1620.2115825144024,216.2498125686468,-20.031785576172176,-20.0,-20.717676403311003,1.0,0.13261070479229753,30.0,1816.4296095068771,1823.486935828807,1831.4383678360095
4376,1956-11-21,Friendly,Germany,Switzerland,1-3,0.8215611661233739,False,True,1673.8583766386753,1473.598166130788,200.26021050788722,-29.57620198044146,-20.0,-21.926221522616576,0.3790472101225444,0.6036360599594386,21.926221522616576,1644.2821746582338,1667.2096891919757,1659.4293861010958
4418,1957-03-17,Copa América,Uruguay,Colombia,1-0,0.8863087509674054,False,True,1714.633302056684,1357.8901022232208,356.7431998334632,-21.27141002321773,-20.0,-9.641302234450436,0.04865574981552878,0.05919552985971818,9.641302234450436,1693.3618920334663,1693.9298799181968,1707.1611340494098
4437,1957-04-06,Copa América,Argentina,Peru,2-1,0.8303865903418751,False,True,1910.957610176625,1570.0295531299291,340.9280570466958,-19.929278168205002,-20.0,-20.377927230296855,1.0,0.35401487363745565,30.0,1891.02833200842,1896.4520661251213,1907.0274997583635
4483,1957-06-12,FIFA World Cup qualification,Hungary,Norway,2-1,0.9131567724398839,False,True,1904.568878270298,1430.8451228227373,473.72375544756073,-21.915762538557214,-20.0,-22.145101550085112,1.0,0.26740360867355323,30.0,1882.6531157317409,1906.8926549583,1883.5409987811295
4484,1957-06-13,Copa Paz del Chaco,Paraguay,Bolivia,0-1,0.8402934450892761,False,True,1581.7064703298774,1358.2631766168615,223.44329371301592,-20.167042682142625,-20.0,-10.232747501215286,0.0453794574380579,0.14295506533773716,10.232747501215286,1561.5394276477348,1560.1756373375745,1579.377094416187
4564,1957-09-22,Friendly,Hungary,Russia,1-2,0.8165675847468635,False,True,1883.2741187399656,1688.867698217393,194.40642052257272,-19.597622033924726,-20.0,-10.728646191850427,0.06703164139417331,0.13998584979878342,10.728646191850427,1863.6764967060408,1886.015708104412,1873.4449816409071
4575,1957-10-06,FIFA World Cup qualification,Argentina,Bolivia,2-0,0.9052511665335579,False,True,1881.159791483985,1424.0817029118705,457.07808857211444,-32.589041995208085,-20.0,-18.569321235646562,0.27218074461031494,0.5046229206248751,18.569321235646562,1848.5707494887768,1865.5799728583897,1884.730673894304
4597,1957-11-06,British Home Championship,England,Northern Ireland,2-3,0.9301334025427878,False,True,1822.1584864069569,1437.4482274208594,384.7102589860974,-22.323201661026907,-20.0,-11.254257228439833,0.08175553139405406,0.16151555937281697,11.254257228439833,1799.83528474593,1806.866945893192,1816.0442627870166
4675,1958-05-26,Asian Games,Japan,Philippines,0-1,0.8401462495278641,False,True,1528.454012924831,1305.201187761571,223.25282516326,-20.16350998866874,-19.53430912936754,-11.25120639722163,0.07598711011443204,0.17843946930940757,11.25120639722163,1508.2905029361623,1475.61781960089,1518.5266745953995
4723,1958-06-17,FIFA World Cup,Hungary,Wales,1-2,0.8545714177607986,False,True,1845.6763842605853,1538.0369470939002,307.6394371666852,-20.509714026259168,-20.0,-20.790895671460905,0.6858442572718442,0.19395022137357665,26.01186394551287,1825.1666702343261,1843.8615432166798,1831.4587471771533
4929,1959-10-09,Friendly,Uganda,Zanzibar,1-0,0.8562688259766389,False,True,1660.6053898656885,1350.581725850568,310.0236640151204,-20.55045182343933,-20.0,-20.33985172508796,1.0,0.2628676349190804,30.0,1640.0549380422492,1647.8895273595278,1636.6126688312622
4967,1959-12-12,Copa América,Brazil,Uruguay,0-3,0.8087891854995406,False,True,1907.2744498530658,1656.745296207779,250.5291536452869,-33.969145790980704,-20.0,-30.0,1.0,0.16775806467759413,30.0,1873.305304062085,1887.8345368331888,1887.6421030284537
4987,1959-12-25,Copa América,Paraguay,Ecuador,3-1,0.8670795831643962,False,True,1619.4627587015407,1228.6758524581583,390.7869062433824,-31.214864993918262,-20.0,-20.42264570397011,0.47186575796227626,0.1372334391094353,20.42264570397011,1588.2478937076223,1590.1716307203005,1614.18296927824
5044,1960-05-04,Friendly,Scotland,Poland,2-3,0.845350570586221,False,True,1676.0112101125,1445.9357988576096,230.07541125489047,-20.288413694069305,-20.0,-14.648856933120596,0.2739104411536275,0.009375793179192016,14.648856933120596,1655.7227964184308,1650.1677809541811,1653.3181872780299
5176,1960-10-30,Friendly,Hungary,Belgium,2-1,0.8600665739873872,False,True,1841.9997719923012,1461.5555311064904,380.4442408858108,-20.641597775697292,-20.0,-19.05414577060388,0.39335901186435135,0.20169118573243106,19.05414577060388,1821.3581742166039,1834.318965505517,1826.2463892631542
5342,1961-10-03,Friendly,Uganda,Tanzania,3-1,0.8098803526064575,False,True,1648.335496074889,1396.5779508285739,251.7575452463152,-29.15569269383247,-20.0,-10.214780193254754,0.04206605878138511,0.15064934781268902,10.214780193254754,1619.1798033810567,1634.1297168538624,1633.109092670919
5637,1962-10-28,Vietnam Independence Cup,Vietnam Republic,Thailand,0-1,0.8342777347473939,False,True,1587.6971110652853,1371.9251941703878,215.77191689489746,-20.022665633937454,-20.0,-19.54574230380294,0.34630862395400613,0.4042919161133487,19.54574230380294,1567.6744454313477,1564.93313206065,1562.847031472815
5659,1962-11-21,UEFA Euro qualification,Czechoslovakia,German DR,2-1,0.8164389914040844,False,True,1796.0700458861822,1471.812724998068,324.25732088811424,-19.594535793698025,-19.56117350116905,-19.47054688215618,0.48162240696784875,0.1388329799688326,20.669601606979032,1776.4755100924842,1763.0047562947414,1755.9451973936295
5722,1963-03-13,Copa América,Argentina,Peru,1-2,0.8093820853577758,False,True,1790.2573053272688,1539.0613559087947,251.19594941847413,-19.42517004858662,-20.0,-13.137554504269028,0.18744049782253833,0.07987281956601344,13.137554504269028,1770.8321352786822,1792.820353850632,1814.7561835406284
5726,1963-03-17,Copa América,Brazil,Paraguay,0-2,0.9183929120137446,False,True,1948.7853472413826,1528.2650903576862,420.52025688369645,-33.06214483249481,-20.0,-20.419628395582674,0.5044398009142007,0.0391341467052323,20.419628395582674,1915.7232024088878,1938.7039609640651,1937.140960829142
5748,1963-03-28,Copa América,Argentina,Bolivia,3-2,0.8314289861766179,False,True,1801.7583561610586,1459.5414511560325,342.2169050050261,-19.954295668238828,-20.0,-15.692380711881512,0.12220587566847763,0.5949299619797561,15.692380711881512,1781.8040604928199,1794.2204236990415,1826.6394522994242
5761,1963-03-31,Copa América,Brazil,Bolivia,5-4,0.8702629498693798,False,True,1875.1303370078347,1479.4957468242712,395.63459018356343,-20.886310796865114,-20.0,-21.314930251946915,1.0,0.4754931859613649,30.0,1854.2440262109697,1887.1617987536176,1876.30808639188
5821,1963-04-21,Friendly,Brazil,Portugal,1-0,0.8540093692317465,False,True,1852.0668026831013,1480.211742555892,371.8550601272093,-20.496224861561917,-20.0,-21.214759614450713,0.6349218009042172,0.33224356449318493,25.896071737646693,1831.5705778215395,1863.3184838034733,1854.729430162
5901,1963-09-04,Friendly,Costa Rica,Colombia,1-0,0.8428352335821439,False,True,1719.0058660572424,1362.2508696605714,356.754996396671,-20.228045605971452,-20.0,-20.31940527685412,1.0,0.1533581134644117,30.0,1698.777820451271,1711.3070257716413,1712.3505530437128
5906,1963-09-08,Friendly,Mauritius,Réunion,0-2,0.8980947554222727,False,True,1686.1335000196716,1308.0832501760524,378.0502498436192,-32.33141119520182,-20.0,-26.491378826776348,0.5225130062419465,0.7438833346212039,26.491378826776348,1653.8020888244698,1665.602443765855,1660.8413857671662
5943,1963-10-29,Copa Chevallier Boutell,Argentina,Paraguay,2-3,0.8465103199512427,False,True,1791.351836128336,1559.7306056342463,231.62123049408956,-20.316247678829825,-20.0,-20.72221235197959,0.45054140230170986,0.2505469523959237,20.817369274408428,1771.0355884495061,1783.5810398591639,1809.667664237273
5945,1963-10-30,UEFA Euro qualification,Netherlands,Luxembourg,1-2,0.8741509215775243,False,True,1542.9066701217114,1271.212118060842,271.69455206086946,-20.979622117860583,-20.0,-14.224674810019362,0.23069123704903383,0.08601064010531878,14.224674810019362,1521.9270480038508,1513.6464179772486,1535.9079410052047
6078,1964-06-17,Friendly,Yugoslavia,Romania,1-2,0.8553032603927937,False,True,1816.2318325589072,1572.5672797178202,243.66455284108702,-20.52727824942705,-20.0,-20.775519251011005,1.0,0.41807861164530735,30.0,1795.70455430948,1793.9170194766969,1790.5274778984165
6095,1964-08-02,Nordic Championship,Sweden,Finland,1-0,0.9376243611803468,False,True,1750.7321108916472,1214.9265604514917,535.8055504401555,-22.502984668328324,-20.0,-17.113051137983668,0.3304604088172983,0.14775016579606315,17.113051137983668,1728.2291262233189,1732.1136038026893,1730.4253078413315
6130,1964-09-27,Friendly,Uganda,Zanzibar,2-3,0.8489595453640465,False,True,1547.3520786176496,1247.4345940040698,299.91748461357975,-20.375029088737115,-20.0,-20.584922185765222,1.0,0.29975188641348066,30.0,1526.9770495289124,1553.9587937378637,1541.2550086890649
6218,1965-03-11,CONCACAF Championship qualification,Honduras,Nicaragua,0-2,0.8223933017263638,False,True,1481.7353854140335,1215.4872959616196,266.248089452414,-29.606158862149098,-20.0,-29.415074384158977,1.0,0.17928969488015467,30.0,1452.1292265518844,1460.7821075786915,1450.888319466192
6258,1965-04-08,CONCACAF Championship,Costa Rica,El Salvador,1-2,0.8205715447254537,False,True,1760.2315714267331,1496.1415176461426,264.09005378059055,-19.693717073410888,-19.825433186513383,-15.984352010819222,0.3038646371154809,0.08645009000596005,15.984352010819222,1740.5378543533222,1750.759514083788,1755.9269153405853
6336,1965-06-16,FIFA World Cup qualification,Yugoslavia,Norway,3-0,0.8012712471401238,False,True,1748.499770940458,1441.292230268546,307.20754067191183,-33.6533923798852,-20.0,-21.428871340514824,0.5424761079071145,0.05118059384300955,21.428871340514824,1714.8463785605727,1732.9178697226896,1722.776411602235
6401,1965-08-14,Merdeka Tournament,South Korea,Thailand,2-3,0.8418319332570351,False,True,1626.0996431927588,1335.657007400424,290.44263579233484,-20.20396639816884,-20.0,-16.40419558846317,0.18652875296599167,0.49093818965992153,16.40419558846317,1605.89567679459,1619.7511346891306,1614.4483642110097
6637,1966-06-04,Nordic Championship,Sweden,Finland,1-0,0.8383878032221185,False,True,1645.5105053753118,1294.5221781796004,350.98832719571146,-20.121307277330843,-20.0,-13.500048641573384,0.22892502980827753,0.0007309907718404673,13.500048641573384,1625.389198097981,1630.1986682836844,1634.6014829472604
6794,1966-10-16,Friendly,Russia,Turkey,0-2,0.9121806187355044,False,True,1843.8590556697561,1502.2628686564726,341.5961870132835,-32.83850227447816,-20.0,-23.784995909775446,0.5393839076122393,0.35497276588521304,23.784995909775446,1811.020553395278,1824.131776264244,1825.9914753679705
6905,1967-01-08,Friendly,Mexico,Switzerland,0-2,0.8683667121315833,False,True,1711.394077273307,1448.6591021166053,262.7349751567017,-31.261201636737,-20.0,-18.858460127390927,0.41261600883573024,0.11945948941667528,18.858460127390927,1680.13287563657,1702.195279989761,1701.8501768091833
7020,1967-04-15,British Home Championship,England,Scotland,2-3,0.8499925705192579,False,True,1869.249423936095,1632.9284796779425,236.3209442581524,-20.39982169246219,-20.0,-12.2490513969044,0.14985855553513497,0.08155575800764514,12.2490513969044,1848.8496022436327,1850.38455794431,1860.4716573685264
7226,1967-11-22,UEFA Euro qualification,Czechoslovakia,Republic of Ireland,1-2,0.8351303093464929,False,True,1720.6746860789247,1503.82931698604,216.84536909288454,-20.04312742431583,-20.0,-16.53628706551141,0.295878359074679,0.179400805964889,16.53628706551141,1700.6315586546089,1694.4952231912594,1692.305966702471
7638,1969-04-10,Friendly,Mexico,Luxembourg,2-1,0.9255920096743718,False,True,1729.2820814565803,1226.3620726804068,502.9200087761735,-22.214208232184923,-20.0,-22.36991855142989,1.0,0.03244072020248101,30.0,1707.0678732243953,1718.039191170641,1720.2638157596928
7640,1969-04-16,FIFA World Cup qualification,Portugal,Switzerland,0-2,0.8076425828358477,False,True,1699.6381858836844,1515.3940771084933,184.24410877519108,-29.075132982090516,-20.0,-19.966878296154412,0.48780635560560687,0.03244072020248101,19.966878296154412,1670.563052901594,1678.0122882734297,1680.2406884996146
7713,1969-06-25,FIFA World Cup qualification,Spain,Finland,2-0,0.9000445140533206,False,True,1695.3180591219666,1248.5351174192854,446.7829417026812,-32.40160250591954,-20.0,-29.841919156188283,0.7825063833020732,0.38272074461731553,29.841919156188283,1662.916456616047,1677.73065480981,1666.8672269392837
7864,1969-11-02,CONCACAF Championship qualification,Mexico,Bermuda,2-1,0.8162911052543094,False,True,1655.2229282105868,1331.1369762491047,324.0859519614821,-19.590986526103425,-19.582601684772683,-8.7581379304956,0.0007270094265912914,0.09258621303217629,8.7581379304956,1635.6319416844833,1644.4275882731563,1654.7092009457301
7906,1969-11-19,King's Cup,Indonesia,Singapore,2-3,0.8558518926434959,False,True,1666.3275117888265,1356.891643440466,309.4358683483606,-20.540445423443902,-20.0,-20.552200804719313,1.0,0.316400677755824,30.0,1645.7870663653825,1640.4305008052504,1637.600237140085
7996,1970-03-04,Friendly,Brazil,Argentina,0-2,0.8409129111425251,False,True,1891.2456465594641,1666.9992122262972,224.24643433316692,-30.272864801130904,-20.0,-30.0,1.0,0.10720948891958104,30.0,1860.9727817583332,1882.0173419817006,1880.0848544240057
8117,1970-07-31,Merdeka Tournament,Japan,Hong Kong,2-1,0.8022964494864804,False,True,1579.5274581083738,1336.1992975152496,243.32816059312427,-19.25511478767553,-19.17648216354431,-16.129206928856796,0.2292936046514188,0.328270052152843,16.129206928856796,1560.2723433206984,1552.747999847819,1567.3320786861573
8314,1971-01-31,Friendly,Ghana,Sierra Leone,1-2,0.911787811218995,False,True,1772.5000274419804,1431.7539538288236,340.7460736131568,-21.88290746925588,-20.0,-18.42061638763302,0.3781547085074847,0.16811292293167368,18.42061638763302,1750.6171199727246,1754.4965537672315,1747.1046160416809
8319,1971-02-07,Friendly,Ghana,Sierra Leone,1-2,0.8893113278403334,False,True,1750.6171199727246,1453.6368612980793,296.98025867464526,-21.343471868168002,-20.0,-21.227080205823984,1.0,0.8844616752426661,30.0,1729.2736481045565,1734.4965537672315,1725.8775358358569
8328,1971-02-21,Friendly,Basque Country,Catalonia,1-2,0.8609801698693449,False,True,1692.2183070008277,1440.4517488511708,251.76655814965693,-20.663524076864277,-20.0,-20.244031173291518,0.399599413142048,0.46325691456308316,21.296441231913818,1671.5547829239636,1650.7439874871632,1656.6494009144537
8494,1971-08-07,Merdeka Tournament,Myanmar,Singapore,0-1,0.9430956068116539,False,True,1751.2950308824377,1263.5310607683375,487.7639701141002,-22.634294563479695,-20.0,-22.609549485158368,1.0,0.3360214849234888,30.0,1728.660736318958,1735.8389537284907,1727.828233989919
8518,1971-08-17,Merdeka Tournament,Thailand,Philippines,3-1,0.8123597894226591,False,True,1450.9567268431003,1196.387724167628,254.56900267547235,-29.24495241921573,-20.0,-19.365124904563274,0.29283522502775305,0.5421349379871501,19.365124904563274,1421.7117744238847,1445.0129595342903,1437.3315122813697
8532,1971-08-27,Friendly,Indonesia,Singapore,3-2,0.8032614183391752,False,True,1581.7624235318242,1272.3754748805068,309.3869486513174,-19.278274040140204,-19.812172682118998,-19.38866335035768,0.5465262648407061,0.6351415120230381,26.197762452361253,1562.484149491684,1576.1896887619837,1570.6150606285228
8556,1971-09-16,South Pacific Games,Tahiti,Vanuatu,1-2,0.8087420350534218,False,True,1597.4346764765053,1411.9584820341613,185.47619444234397,-19.40980884128212,-18.607028512304957,-18.209889629453578,0.4464987320358595,0.27402527807938004,20.90817179349567,1578.0248676352232,1548.6406106090037,1548.0424591319406
8610,1971-10-27,African Cup of Nations qualification,Ghana,Togo,0-1,0.8974241197395365,False,True,1741.788194763148,1430.0072007026704,311.7809940604777,-21.538178873748876,-20.0,-21.355278523136516,0.49171300240059285,0.2925545682251531,22.14154860341545,1720.2500158893993,1726.6089484037632,1716.838619664648
8774,1972-03-04,Friendly,Italy,Greece,2-1,0.8620296614396015,False,True,1844.527908601673,1461.2333167392117,383.2945918624614,-20.688711874550435,-20.0,-12.233871387422111,0.06322071356913841,0.3395717827203486,12.233871387422111,1823.8391967271227,1824.9877260266046,1844.729031120279
8846,1972-05-23,British Home Championship,England,Northern Ireland,0-1,0.8913496487661758,False,True,1869.5776913659524,1568.9709061317064,300.606785234246,-21.39239157038822,-20.0,-18.03318574781766,0.3696633235648925,0.1451582477825298,18.03318574781766,1848.185299795564,1849.2990270199323,1866.32026004927
8901,1972-06-19,Indonesia Tournament,Myanmar,Cambodia,0-3,0.8501460119038862,False,True,1738.657026176392,1437.1269395978013,301.5300865785907,-35.70613249996322,-20.0,-17.241020131847492,0.29648449538615607,0.26567403032246806,17.241020131847492,1702.950893676429,1725.3449119870395,1722.126384419267
9087,1972-11-20,King's Cup,Indonesia,Singapore,1-2,0.809280648563127,False,True,1563.1517644504434,1312.0700066437123,251.08175780673105,-19.422735565515048,-19.991200836715553,-19.797337969856958,1.0,0.16674621073734175,30.0,1543.7290288849283,1552.2884840653269,1552.7116672044262
9160,1973-02-01,Friendly,Haiti,Guyana,1-0,0.8204308433986658,False,True,1633.1202361312148,1304.1961417034227,328.92409442779217,-19.69034024156798,-19.672384685165994,-19.484480923813827,1.0,0.18814662817442385,30.0,1613.4298958896468,1618.5062612177303,1603.0105897641643
9175,1973-02-14,Friendly,Germany,Argentina,2-3,0.8416047805544284,False,True,1928.6924231986434,1703.545973678279,225.14644952036429,-20.198514733306283,-20.0,-20.12847056302179,1.0,0.07256238451915287,30.0,1908.4939084653372,1909.0661629475237,1915.7821520304913
9197,1973-02-25,FIFA World Cup qualification,DR Congo,Cameroon,0-1,0.8041980115874454,False,True,1707.024317978275,1526.605959133814,180.41835884446095,-19.30075227809869,-19.461349980428665,-19.14779305475759,1.0,0.34877829853689807,30.0,1687.723565700176,1692.1424211188596,1690.4291038961408
9280,1973-05-12,Friendly,Haiti,Ecuador,1-2,0.8694135239323926,False,True,1601.6442956685373,1337.3130200488542,264.3312756196831,-20.865924574377424,-20.0,-18.475204178790886,0.40718071580389537,0.08785837493717497,18.475204178790886,1580.7783710941599,1585.5495945214768,1574.3718934200003
9319,1973-05-27,Friendly,Haiti,Colombia,1-2,0.8522009120529773,False,True,1584.6269999792257,1345.2789037471425,239.3480962320832,-20.452821889271455,-20.0,-20.121272201986745,0.7156665885596096,0.15382835634265624,26.40662497617188,1564.1741780899542,1569.093375518492,1558.0824307542712
9337,1973-06-08,Friendly,Faroe Islands,Iceland,0-4,0.8375867893230187,False,True,1467.7397293411498,1247.7763425093058,219.963386831844,-37.69140551953584,-20.0,-30.0,1.0,0.7298799615848772,30.0,1430.0483238216138,1460.0,1462.0
9366,1973-07-05,FIFA World Cup qualification,Uruguay,Colombia,0-1,0.8765258176720027,False,True,1637.390528875448,1361.9151073905393,275.47542148490857,-21.036619624128065,-20.0,-15.622046192555466,0.2539385342466674,0.19094017132943095,15.622046192555466,1616.35390925132,1621.416397305677,1644.187908153621
9385,1973-07-25,Friendly,North Korea,Norway,3-0,0.8344691100511461,False,True,1697.3655065650485,1351.353020623904,346.0124859411444,-35.04770262214814,-20.0,-29.986276210461703,0.6720114287474355,0.7322502400654062,29.986276210461703,1662.3178039429004,1684.6751969317718,1664.3028635688133
9436,1973-08-12,Friendly,Poland,United States,1-0,0.8631675917930439,False,True,1754.9696917709796,1370.0072295189623,384.9624622520173,-20.716022203033056,-20.0,-20.867672485051806,1.0,0.13051364645617475,30.0,1734.2536695679464,1728.106309409089,1728.1409802123835
9536,1973-10-21,Friendly,Poland,Republic of Ireland,1-0,0.8101251406902993,False,True,1766.543622776385,1449.5097648530955,317.0338579232896,-19.443003376567184,-19.384454537681027,-19.33636631793281,0.9940262902765785,0.23289003745301595,30.0,1747.1006193998178,1739.7846152127715,1738.1427949762112
9591,1973-12-03,King's Cup,Myanmar,Vietnam Republic,0-1,0.8404642164477678,False,True,1718.1708460849825,1429.5063988911486,288.6644471938339,-20.171141194746426,-20.0,-20.422783184637055,0.43225453222471555,0.38933021506190724,21.488750493888432,1697.999704890236,1717.8586292611883,1722.8376705835128
9732,1974-05-12,Friendly,Chile,Republic of Ireland,1-2,0.8386579545112592,False,True,1682.1707266973679,1460.8358019283394,221.33492476902848,-20.12779090827022,-20.0,-20.03788014250037,0.8855908103364305,0.05729802432594294,29.712563642681875,1662.0429357890976,1652.7923352486748,1651.9005526149413
9733,1974-05-13,Korea Cup,South Korea,Cambodia,0-1,0.8834120576066774,False,True,1677.8368197208363,1391.032945760507,286.8038739603294,-21.201889382560257,-20.0,-21.561130845362936,0.7645569576838294,0.3519620436167272,29.16506333334572,1656.634930338276,1660.379988257793,1658.7420938684286
9802,1974-07-03,Friendly,Faroe Islands,Iceland,2-3,0.8005797061050306,False,True,1430.0483238216138,1253.594233814601,176.45409000701284,-19.213912946520736,-20.0,-20.390405723782063,1.0,0.8258337142378691,30.0,1410.834410875093,1440.0,1441.6095942762179
9999,1974-12-26,Friendly,Suriname,Bermuda,2-1,0.8096280052475494,False,True,1655.5487624468717,1339.0757778181548,316.47298462871686,-19.431072125941185,-19.367910028127724,-19.48031158022153,0.5094139145427886,0.6742952982481393,25.620296335012043,1636.1176903209305,1642.2908348177768,1637.7034666620605
10141,1975-06-05,UEFA Euro qualification,German DR,Iceland,2-1,0.9122233099689165,False,True,1755.965611582309,1284.2768253742001,471.6887862081089,-21.893359439254,-20.0,-22.238281667151657,1.0,0.5337158191535502,30.0,1734.072252143055,1737.117059290881,1742.7276857424101
10313,1975-09-30,Copa América,Brazil,Peru,1-3,0.9094278804306716,False,True,1916.3967600181477,1580.6872667929579,335.7094932251898,-32.73940369550418,-20.0,-30.0,1.0,0.35459594838530956,30.0,1883.6573563226434,1907.5721018189136,1895.004723734659
10390,1975-12-23,King's Cup,South Korea,Thailand,2-1,0.8260070226457236,False,True,1730.5152396711846,1394.934431717675,335.58080795350975,-19.824168543497365,-20.0,-19.988566387455464,1.0,0.3439083500699738,30.0,1710.6910711276873,1718.8065567402887,1710.4866512014976
10419,1976-02-04,Friendly,Israel,Denmark,0-1,0.8399543162849724,False,True,1703.6649485834944,1480.6602685690177,223.00468001447666,-20.158903590839337,-20.0,-20.02481205986132,0.41381785698362417,0.43402133061306813,21.403799212511522,1683.506044992655,1665.1161831685924,1670.8449991635925
10539,1976-05-11,Friendly,Sweden,Denmark,1-2,0.8083262040199828,False,True,1685.8287377423708,1500.819172159857,185.0095655825137,-19.399828896479587,-19.762448317313975,-12.007574240094407,0.02297343694796486,0.4320264691679063,12.007574240094407,1666.428908845891,1669.0110774714726,1677.1714662757622
10555,1976-05-26,Friendly,Poland,Republic of Ireland,0-2,0.8246902618565461,False,True,1747.0470011649427,1543.0530710488483,203.99393011609436,-29.68884942683566,-20.0,-30.0,1.0,0.7078588828785739,30.0,1717.358151738107,1729.6414882739623,1720.6019395710448
10617,1976-08-11,Friendly,Australia,Hong Kong,0-1,0.8283847494938592,False,True,1691.0419006853197,1482.571414138478,208.47048654684158,-19.88123398785262,-20.0,-20.18132043312025,1.0,0.20633996017598066,30.0,1671.1606666974671,1671.5108755565698,1676.1463258845129
10676,1976-09-22,Nordic Championship,Sweden,Norway,3-2,0.8185233785819357,False,True,1679.299814586237,1352.6156534393986,326.6841611468385,-19.64456108596646,-20.0,-20.215064410985264,1.0,0.006563741685698621,30.0,1659.6552535002706,1660.3927363165253,1668.5304112623096
10791,1976-12-15,King's Cup,South Korea,Thailand,2-1,0.8117660555788573,False,True,1747.9862943342594,1429.0931166600012,318.89317767425814,-19.482385333892573,-19.69279276315439,-19.661358868967934,1.0,0.3191151672932635,30.0,1728.5039090003668,1734.0127890570398,1728.9006309521642
10879,1977-03-05,Friendly,Tunisia,Malta,0-1,0.8891846043643464,False,True,1664.5247153300513,1367.7679820296826,296.75673330036875,-21.340430504744315,-20.0,-21.41634262184601,0.6231400682709232,0.062353734859970145,23.454191517381915,1643.184284825307,1643.532696017267,1648.3905632608098
10917,1977-03-19,Friendly,Australia,Fiji,1-0,0.810191728428361,False,True,1697.1163241296101,1380.0072559091755,317.10906822043466,-19.444601482280664,-20.0,-19.87551153653957,0.48315338085959003,0.18708477430199555,21.092359335046126,1677.6717226473295,1675.6538830370805,1679.9258942617853
10950,1977-04-06,Friendly,Turkey,Finland,1-2,0.8540781870981891,False,True,1574.8247295412318,1332.873764078815,241.9509654624169,-20.49787649035654,-20.0,-20.57879285500502,0.5622889296886341,0.2800443059121863,23.73528875982471,1554.3268530508753,1546.0348869963639,1548.619966700353
10992,1977-05-31,British Home Championship,England,Wales,0-1,0.8397801410962682,False,True,1809.0042582446151,1586.2245560858908,222.77970215872438,-20.154723386310437,-20.0,-17.69185777474585,0.31724098660358846,0.25975926203246585,17.69185777474585,1788.8495348583047,1789.2749468742454,1801.9969027490238
11025,1977-06-16,Friendly,Zambia,Cuba,0-1,0.8092345862736993,False,True,1625.2576193642976,1439.2277004632485,186.0299189010491,-19.42163007056878,-19.709796214722925,-11.771538029766965,0.099036444598978,0.17433291992393685,11.771538029766965,1605.8359892937287,1607.9903945341014,1622.4512994772358
11072,1977-07-27,Beijing International Friendship Tournament,China,Hong Kong,1-2,0.804644029144461,False,True,1695.3026771604739,1514.3918357917762,180.91084136869767,-19.311456699467065,-19.61394436892411,-19.468663585231106,1.0,0.4543459736734612,30.0,1675.9912204610068,1683.252295062069,1677.6313322095457
11218,1977-11-19,Southeast Asian Games,Malaysia,Indonesia,1-2,0.8450202474464199,False,True,1630.0424012727153,1400.4055404668864,229.63686080582897,-20.28048593871408,-20.0,-20.284807488703787,1.0,0.20882493030639612,30.0,1609.7619153340013,1613.3143546156075,1612.3393520673826
11319,1978-04-04,Friendly,German DR,Sweden,0-1,0.8161595321051879,False,True,1814.219370302477,1620.2857940877075,193.93357621476957,-19.58782877052451,-19.628012833986688,-19.371384763385322,1.0,0.10020735992740715,30.0,1794.6315415319525,1794.0886906322053,1792.876024925861
11336,1978-04-20,Friendly,Martinique,Puerto Rico,4-1,0.8602354470856444,False,True,1581.5685694048395,1200.8804515532427,380.68811785159687,-36.12988877759706,-20.0,-19.17849460053231,0.4418815497586093,0.07166717579071058,19.17849460053231,1545.4386806272425,1566.8399662345953,1563.904611458842
11343,1978-04-26,King's Cup,Malaysia,Singapore,0-1,0.8990206208966759,False,True,1648.2761218845783,1268.4613389691249,379.8147829154534,-21.57649490152022,-20.0,-21.66681255201277,1.0,0.16478540663619057,30.0,1626.6996269830581,1631.376515548187,1629.310474785797
11404,1978-06-11,Friendly,Australia,Greece,1-2,0.8259388340233923,False,True,1688.1794137310303,1482.6810145789343,205.498399152096,-19.822532016561414,-19.822729764262313,-19.730479459815804,0.7281822681217127,0.3636439142244914,28.385525748717036,1668.356881714469,1665.3945410814708,1667.5056516108614
11495,1978-08-20,CFU Caribbean Cup qualification,Trinidad and Tobago,French Guiana,2-4,0.8244408023638723,False,True,1577.3487915489811,1373.6544355565825,203.69435599239864,-29.679868885099403,-20.0,-29.574990850524163,1.0,0.11242656425042086,30.0,1547.6689226638816,1553.641990086612,1546.391006700663
11526,1978-09-20,UEFA Euro qualification,Hungary,Finland,2-1,0.8650422034705927,False,True,1742.2542608146728,1354.518533866502,387.73572694817085,-20.761012883294224,-20.0,-21.064139552855583,1.0,0.47781738519450656,30.0,1721.4932479313786,1723.082716357524,1730.8305512027268
11690,1979-03-04,Friendly,South Korea,Japan,2-1,0.862163157702504,False,True,1881.6554099595958,1498.165751894183,383.48965806541287,-20.691915784860093,-20.0,-20.638209010403777,1.0,0.2581492885079891,30.0,1860.9634941747356,1863.6504938532323,1861.3572277112953
11818,1979-06-26,Friendly,Malawi,Lesotho,1-2,0.823875263680152,False,True,1553.0477032761555,1350.0312601892078,203.01644308694767,-19.773006328323646,-19.66542464110676,-19.861541344424133,0.5485988476536086,0.17243577731566107,22.54585856221189,1533.274696947832,1536.566996747442,1534.994084543359
11856,1979-07-18,Copa América,Argentina,Bolivia,2-1,0.8828090730249795,False,True,1864.7557610807562,1448.9666417086512,415.789119372105,-21.187417752599508,-20.0,-15.486829228447384,0.1941215871802586,0.35348889201514705,15.486829228447384,1843.5683433281567,1850.2086360473438,1854.6071832456794
11857,1979-07-18,Friendly,Peru,Colombia,0-1,0.8504370046857712,False,True,1659.1335442905818,1422.2063463079262,236.92719798265557,-20.41048811245851,-20.0,-20.42320975456343,0.6451149907686431,0.12004177650947412,24.443093990523227,1638.7230561781232,1629.3147291041164,1645.4930190872394
11869,1979-07-26,Copa América,Brazil,Bolivia,2-1,0.9240430948117878,False,True,1969.2040452967863,1470.1540594612507,499.0499858355356,-22.177034275482907,-20.0,-22.21484116438262,1.0,0.07629208014418609,30.0,1947.0270110213035,1956.654218971845,1954.8134508463527
11974,1979-09-26,Southeast Asian Games,Myanmar,Singapore,1-2,0.8105346467736577,False,True,1545.1427660077434,1292.6460540531687,252.49671195457472,-19.452831522567784,-19.774205433164017,-15.95312676234063,0.30577791389309333,0.07680710361329901,15.95312676234063,1525.6899344851756,1532.2330679762829,1531.6711423934446
12019,1979-10-24,Copa América,Brazil,Paraguay,2-1,0.8246045695709077,False,True,1953.4551889704592,1619.5642039267975,333.89098504366166,-19.790509669701784,-20.0,-19.95894186449204,0.6599965264963326,0.06237521450177891,24.338918351926214,1933.6646793007574,1942.6988987580125,1941.4398119043012
12023,1979-10-26,Friendly,Hungary,United States,0-2,0.9073295807106061,False,True,1738.1580812565103,1406.8285044753386,331.3295767811717,-32.66386490558182,-20.0,-10.673385639635583,0.0870761025434701,0.07294489732403764,10.673385639635583,1705.4942163509286,1725.4915818373524,1734.576419931117
12055,1979-11-14,Friendly,Spain,Denmark,1-3,0.849964663683144,False,True,1766.5028996365506,1530.219973770097,236.28292586645352,-30.598727892593185,-20.0,-30.0,1.0,0.6400414941081124,30.0,1735.9041717439575,1743.9753048119842,1735.1077756492434
12113,1980-02-12,Amílcar Cabral Cup,Mali,Mauritania,0-1,0.8451240765005822,False,True,1609.250197327732,1314.4755711851303,294.7746261426016,-20.282977836013973,-20.0,-19.682202204699678,0.3519840485725611,0.4043231298697767,19.682202204699678,1588.967219491718,1585.0072447374475,1587.435476279819
12193,1980-04-13,CONCACAF Championship qualification,Grenada,Guyana,2-3,0.8025088918974513,False,True,1525.1804284818782,1346.6195058662136,178.5609226156646,-19.26021340553883,-19.92876782914191,-19.459515650089465,1.0,0.6697296009717474,30.0,1505.9202150763392,1525.2278199573932,1512.5272844160004
12209,1980-05-01,Friendly,Thailand,Luxembourg,0-1,0.8464157960171335,False,True,1462.9826935538483,1166.4878101392037,296.4948834146446,-20.313979104411203,-20.0,-20.24429297680112,1.0,0.29194854804118053,30.0,1442.6687144494372,1442.9474423580361,1433.8588825356032
12214,1980-05-09,Friendly,South Korea,Luxembourg,2-3,0.9816222729186778,False,True,1877.8628317197058,1186.8017892436148,691.061042476091,-23.558934550048267,-20.0,-10.948842174912418,0.04103773281328119,0.24549207342420862,10.948842174912418,1854.3038971696576,1860.6144470412228,1867.7961663281699
12396,1980-09-23,AFC Asian Cup,China,Syria,1-0,0.8071990719126396,False,True,1682.2862425011213,1433.5376289991557,248.74861350196556,-19.37277772590335,-19.271034368676258,-19.04645468542361,0.4569396515053751,0.009987881161825807,19.04645468542361,1662.9134647752178,1666.1896184321376,1674.213137190762
12397,1980-09-24,FIFA World Cup qualification,Turkey,Iceland,1-3,0.8044206767102655,False,True,1535.2383303051354,1354.574215910665,180.6641143944703,-28.959144361569557,-20.0,-29.467228302499407,0.877295281585337,0.0565169598852997,29.507222437130487,1506.2791859435658,1507.9291146075777,1499.6864626787533
12439,1980-10-15,Merdeka Tournament,South Korea,New Zealand,1-2,0.8185003890239921,False,True,1858.2523024754062,1596.5950258148084,261.65727666059774,-19.644009336575813,-19.763200829614938,-19.323941690619385,0.3497902708994503,0.6117745970104661,21.289163277670536,1838.6082931388303,1852.7403416493457,1851.5071202367033
12469,1980-10-25,Merdeka Tournament,Kuwait,Indonesia,1-2,0.8305839786765115,False,True,1675.1589388958198,1398.9873103438654,276.1716285519544,-19.934015488236277,-20.0,-20.098566426665247,0.6705834308029203,0.7389689124643876,30.0,1655.2249234075834,1658.700355137806,1660.7448312238332
12535,1980-11-22,CECAFA Cup,Kenya,Zanzibar,1-2,0.866162961608401,False,True,1483.6927497389754,1159.2834333647581,324.40931637421727,-20.787911078601624,-20.0,-17.52742981538809,0.28277062423518945,0.34261685421794297,17.52742981538809,1462.9048386603738,1454.443250502042,1449.1232683274177
12666,1981-03-15,Friendly,Paraguay,Colombia,0-2,0.8224182522183273,False,True,1645.5272268248036,1444.2494611627985,201.2777656620051,-29.607057079859782,-20.0,-16.642596271051932,0.32067969024326637,0.1182854631516923,16.642596271051932,1615.920169744944,1618.8912095639932,1629.5951350227124
12676,1981-03-24,Friendly,Czechoslovakia,Switzerland,0-1,0.8789739052145683,False,True,1760.787424396574,1481.3486395459972,279.43878485057667,-21.09537372514964,-20.0,-11.503387376346481,0.021616959083398148,0.37307254479311547,11.503387376346481,1739.6920506714243,1742.8330304117924,1740.7847997205622
12718,1981-04-17,Friendly,Malaysia,Singapore,1-2,0.8538525553811283,False,True,1574.1753089722513,1332.538646428557,241.63666254369423,-20.492461329147076,-20.0,-11.344835526338763,0.04947087683149424,0.26969181029786254,11.344835526338763,1553.6828476431042,1571.309615536313,1586.9895087999066
12911,1981-08-22,Friendly,Nigeria,Iceland,3-0,0.8229886909352933,False,True,1708.7726909484036,1376.8155495276076,331.957141420796,-34.56552501928232,-20.0,-22.948631100551694,0.5161625740999608,0.3200911652690792,22.948631100551694,1674.2071659291212,1694.1028870656141,1689.779304463833
12945,1981-09-09,FIFA World Cup qualification,England,Norway,2-1,0.8749755668908086,False,True,1798.320617410286,1395.3202046986155,403.0004127116706,-20.999413605379406,-20.0,-21.239613178984253,0.5025405138945499,0.49093910056392914,23.988485137980632,1777.3212038049066,1780.724230559049,1782.4351284033885
12951,1981-09-10,Merdeka Tournament,New Zealand,United Arab Emirates,0-1,0.9041810282475967,False,True,1660.9082265523496,1270.9866728524164,389.92155369993316,-21.700344677942322,-20.0,-17.828183966048403,0.30001161323896636,0.3284881560391513,17.828183966048403,1639.2078818744073,1634.1479152156867,1655.8866988139239
12954,1981-09-12,Merdeka Tournament,Malaysia,United Arab Emirates,0-1,0.8242514272838831,False,True,1496.1541779776587,1292.6870175303586,203.4671604473001,-19.782034254813194,-20.0,-20.062701803785654,0.5518633663912188,0.24415314571653146,23.197945959121505,1476.3721437228455,1489.6147905362743,1501.8244273203763
13007,1981-10-24,Friendly,Tunisia,Malta,0-1,0.9084620556098265,False,True,1685.771278401216,1352.0890235979805,333.68225480323554,-21.803089334635835,-20.0,-21.838596328756513,0.8027107518601024,0.1895335739286539,28.78132663607169,1663.9681890665802,1666.8668688133723,1660.5571472150793
13134,1982-02-15,Amílcar Cabral Cup,Cape Verde,Mauritania,1-2,0.80882942925883,False,True,1478.3126922668225,1292.7383290948935,185.574363171929,-19.411906302211918,-19.298187360189843,-19.53859525549403,0.5020724230306373,0.568466026255007,24.59746636277535,1458.9007859646106,1458.3569744075721,1461.9834913425407
13139,1982-02-17,Friendly,Nepal,Oman,0-1,0.8089667636531324,False,True,1486.1244579250076,1235.3957596174457,250.7286983075619,-19.415202327675175,-18.873213356249984,-18.883279413161265,1.0,0.23372435701638683,30.0,1466.7092555973325,1467.776103635172,1467.4933926886333
13225,1982-04-04,Gulf Cup,Kuwait,Qatar,1-2,0.862249904866781,False,True,1706.9242508918417,1388.3077518254581,318.61649906638354,-20.693997716802745,-20.0,-20.501166530299834,1.0,0.07087204964230553,30.0,1686.230253175039,1687.0994818149563,1685.0014696276596
13241,1982-04-28,Friendly,France,Peru,0-1,0.8074733665116831,False,True,1788.9944332930868,1604.939477395744,184.05495589734278,-19.379360796280395,-19.43670322974256,-19.02261932324188,1.0,0.2109782686704248,30.0,1769.6150724968063,1763.7913430679073,1758.6592248893594
13307,1982-06-16,FIFA World Cup,Germany,Algeria,1-2,0.8429901203476176,False,True,1967.1728877299856,1675.2146860859154,291.9582016440702,-20.23176288834282,-20.0,-19.413579753775227,0.4601573875371072,0.046225306610581586,19.413579753775227,1946.9411248416427,1949.1506603817484,1955.4164069797334
13362,1982-07-25,Friendly,Zimbabwe,Réunion,2-3,0.8402790068677392,False,True,1611.9331888961835,1388.508584283148,223.42460461303563,-20.16669616482574,-20.0,-10.39245412172849,0.04641597975757318,0.15980882594334173,10.39245412172849,1591.7664927313579,1581.792548613612,1589.517827909751
13429,1982-10-13,UEFA Euro qualification,Yugoslavia,Norway,3-1,0.8274018091866707,False,True,1770.6533185691605,1433.381227734549,337.2720908346116,-29.786465130720146,-20.0,-19.658150631663656,0.395870957479573,0.2696559565192379,19.658150631663656,1740.8668534384403,1745.5306383843356,1740.192364974262
13435,1982-10-27,Friendly,Italy,Switzerland,0-1,0.8625128333775376,False,True,1840.3425623627684,1586.341200881806,254.0013614809625,-20.700308001060904,-20.0,-20.797309288839354,1.0,0.6520453232548397,30.0,1819.6422543617075,1824.2123242384903,1820.6911203803322
13460,1982-11-17,UEFA Euro qualification,Germany,Northern Ireland,1-0,0.8131482014476219,False,True,1937.737232320837,1617.2682630341635,320.4689692866734,-19.515556834742924,-19.863974784090438,-20.123857352730433,0.3761707776302079,0.4346905477861915,20.50562304541452,1918.221675486094,1924.1096786795088,1933.9776825719914
13465,1982-11-18,CECAFA Cup,Sudan,Zanzibar,0-1,0.868780802812741,False,True,1498.9511755093413,1170.5860397068534,328.3651358024879,-20.850739267505784,-20.0,-20.99214248127018,0.7585182921328858,0.4098987894969506,29.483629327164863,1478.1004362418355,1487.307978809107,1480.1681705390445
13628,1983-04-26,African Cup of Nations qualification,Algeria,Benin,6-2,0.8480571902820717,False,True,1708.856272733474,1345.158277696537,363.6979950369371,-38.162573562693225,-20.0,-30.0,1.0,0.08272358750352848,30.0,1670.6936991707807,1687.9978324570552,1681.79702890198
13655,1983-05-15,UEFA Euro qualification,Hungary,Greece,2-3,0.8523197584316421,False,True,1722.395032128947,1482.8829672208485,239.5120649080984,-20.45567420235941,-20.0,-20.637827247853817,0.8373368735916282,0.24887801336531545,30.0,1701.9393579265875,1702.7211087972858,1708.9864524731047
13867,1983-09-21,UEFA Euro qualification,England,Denmark,0-1,0.8195247170247645,False,True,1856.5086519657739,1658.6509219359884,197.85773002978544,-19.66859320859435,-20.0,-14.734623607615095,0.20980424139394713,0.21241522677004537,14.734623607615095,1836.8400587571796,1834.223058508555,1841.269182686966
13939,1983-11-16,UEFA Euro qualification,Germany,Northern Ireland,0-1,0.87957319118854,False,True,1921.8283299599893,1641.4088076642613,280.41952229572803,-21.10975658852496,-20.0,-10.171313544819302,0.07681607678725942,0.040965962740634465,10.171313544819302,1900.7185733714643,1906.5822384281312,1924.4956947952653
14002,1984-01-22,Friendly,Egypt,Turkey,0-1,0.8065239102252219,False,True,1671.6930755160906,1488.6970973278367,182.99597818825396,-19.356573845405325,-19.750226974212282,-19.845554593847957,1.0,0.17310189192300174,30.0,1652.3365016706853,1659.9279431416564,1663.6605036977287
14065,1984-03-10,Gulf Cup,Kuwait,United Arab Emirates,0-2,0.8774464793633282,False,True,1720.7122961678635,1378.7543586195243,341.95793754833926,-31.588073257079817,-20.0,-12.273238964012581,0.15218342555605519,0.07760459383340712,12.273238964012581,1689.1242229107838,1701.3773197596493,1707.7139656828715
14079,1984-03-16,Gulf Cup,Kuwait,Qatar,1-2,0.8031882757099744,False,True,1692.4889874963735,1448.182429854321,244.30655764205244,-19.276518617039386,-19.383403175761522,-19.54201736517035,0.6149661732764438,0.12529293208477613,23.761531615312858,1673.2124688793342,1685.2039019938154,1691.274184984641
14094,1984-03-25,Gulf Cup,Iraq,Qatar,1-2,0.8888222638134228,False,True,1833.9210133729139,1472.802174202069,361.1188391708449,-21.331734331522146,-20.0,-21.26586376752854,1.0,0.2849229481436222,30.0,1812.5892790413918,1817.7095144243133,1814.278576170941
14138,1984-05-27,FIFA World Cup qualification,Northern Ireland,Finland,1-0,0.8107988160399116,False,True,1679.4780685020569,1361.6823660627097,317.7957024393472,-19.45917158495788,-19.531840336793852,-19.189871549230624,0.5558451152315318,0.15638653793338064,22.59137506902381,1660.018896917099,1646.6009516309316,1639.1480279943792
14264,1984-08-24,Friendly,Argentina,Colombia,1-0,0.8048061840330423,False,True,1780.846196490654,1469.7560963534024,311.0901001372515,-19.315348416793015,-19.651926242803665,-19.758240511563034,0.5408447891535985,0.14854341820772987,22.168622285348203,1761.5308480738609,1760.4811668692028,1768.1872279571435
14290,1984-09-12,FIFA World Cup qualification,Russia,Republic of Ireland,1-0,0.821334338922802,False,True,1937.5048823458008,1607.513326398342,329.99155594745866,-19.71202413414725,-19.899326021510266,-19.943691521285075,1.0,0.1676607041526883,30.0,1917.7928582116535,1914.0246825532017,1918.4699162824236
14476,1984-12-07,AFC Asian Cup,South Korea,Syria,1-0,0.8690711843799873,False,True,1728.7739771150596,1399.9659326862097,328.8080444288498,-20.857708425119696,-20.0,-17.51821711831397,0.362622448191439,0.10190979521492971,17.51821711831397,1707.91626868994,1724.8576453797968,1727.283123694659
14521,1984-12-22,FIFA World Cup qualification,Belgium,Albania,2-0,0.8498398199119145,False,True,1735.5810015362486,1369.46808314692,366.11291838932857,-30.594233516828922,-20.0,-29.652350377037795,0.8230674015351348,0.23734159252432002,29.652350377037795,1704.9867680194197,1713.5685223099001,1705.0484859543956
14552,1985-02-03,Friendly,German DR,Bolivia,2-1,0.8340612240875636,False,True,1744.8882792686993,1399.3882596632532,345.50001960544614,-20.017469378101524,-20.0,-19.976998199744397,0.8947837428684694,0.36475894275436527,30.0,1724.8708098905977,1720.9783827031902,1727.0812020475078
14772,1985-04-28,Friendly,Brazil,Peru,0-1,0.8851798141905366,False,True,1881.8000152643078,1591.9947127450143,289.8053025192935,-21.244315540572877,-20.0,-14.462210434747087,0.24221592664012032,0.08112852442302487,14.462210434747087,1860.555699723735,1871.7880501635861,1868.3307491059663
14815,1985-05-15,Friendly,Brazil,Colombia,1-0,0.8117338163672781,False,True,1878.2156304264493,1559.3591025278283,318.8565278986209,-19.481611592814676,-20.0,-15.836866176074796,0.23334019004848658,0.2795877018638898,15.836866176074796,1858.7340188336345,1867.976835956014,1869.6158322354256
14986,1985-09-25,Friendly,Italy,Norway,1-2,0.8224963041263057,False,True,1794.5011201850616,1593.1304981725948,201.3706220124668,-19.739911299031338,-20.0,-20.041840497948783,1.0,0.5286917305304298,30.0,1774.7612088860303,1779.8327441093454,1768.571532803027
14992,1985-09-27,FIFA World Cup qualification,Iraq,United Arab Emirates,1-2,0.8472593528100204,False,True,1784.5773446819971,1486.9526465967226,297.62469808527453,-20.33422446744049,-20.0,-20.54110975295847,1.0,0.19665863069531228,30.0,1764.2431202145567,1778.6175004940208,1768.8429966644235
15024,1985-10-16,FIFA World Cup qualification,Germany,Portugal,0-1,0.8041731635403526,False,True,1840.0258341817507,1659.6348870155207,180.39094716623003,-19.300155924968465,-19.519253902954993,-19.663557339248833,1.0,0.07602266702336308,30.0,1820.7256782567822,1832.5063349341588,1840.332001194225
15281,1986-04-26,Friendly,South Korea,Pakistan,1-0,0.8540882087472251,False,True,1714.4347409988065,1342.4698061280976,371.96493487070893,-20.498117009933402,-20.0,-20.54647603610672,0.35989704471831824,0.5813589458905789,21.28840064036427,1693.9366239888732,1709.1559704766728,1711.3831805857185
15480,1986-09-30,Friendly,Malawi,Botswana,2-0,0.8027251162435766,False,True,1632.3534488044509,1323.5554265799033,308.7980222245476,-28.898104184768755,-20.0,-13.412999924258113,0.1617770374638199,0.19129387814080445,13.412999924258113,1603.4553446196821,1614.3432402722988,1624.854805733038
15606,1987-02-28,Friendly,Kuwait,Iceland,0-1,0.8591615259827898,False,True,1726.4797235307603,1477.3383195913766,249.14140393938374,-20.619876623586954,-20.0,-17.150232767723267,0.2571610710688522,0.3722958827588514,17.150232767723267,1705.8598469071733,1711.4184113895,1711.9778593972376
15644,1987-03-30,African Cup of Nations qualification,Ghana,Sierra Leone,1-2,0.8099668954782534,False,True,1702.6985603129845,1515.8433580615424,186.85520225144205,-19.43920549147808,-19.535030837252904,-19.563579455471704,1.0,0.20389324574870657,30.0,1683.2593548215063,1686.5783498896658,1682.618216008237
15757,1987-07-11,Copa América,Argentina,Colombia,1-2,0.818657224440579,False,True,1783.6280912554319,1586.7873552022359,196.840736053196,-19.647773386573895,-20.0,-20.050120756584302,0.8404607257580607,0.619860754895036,30.0,1763.980317868858,1759.5616680393985,1760.0537291104386
15777,1987-08-04,Indonesia Tournament,Algeria,Indonesia,2-1,0.8102293045472705,False,True,1663.3452358787415,1346.193716826414,317.15151905232756,-19.44550330913449,-19.533824863082852,-9.191297043229675,0.04527450813604434,0.013088605995576374,9.191297043229675,1643.899732569607,1646.5533492171335,1656.9565307832477
15943,1987-12-19,CECAFA Cup,Tanzania,Zanzibar,0-2,0.8168619880456731,False,True,1456.312030505487,1196.563953863881,259.7480766416061,-29.407031569644232,-20.0,-22.571902663166583,0.46619561632156276,0.4229009839311344,22.571902663166583,1426.9049989358427,1434.6760329479712,1428.8343353350497
15961,1988-01-12,Friendly,Czechoslovakia,Finland,0-2,0.8184132566392193,False,True,1741.5967806417837,1480.0413744265918,261.55540621519185,-29.462877239011895,-20.0,-12.74626270674305,0.09550807841531599,0.30675860309693315,12.74626270674305,1712.1339034027717,1727.6549999906915,1745.648826489537
16031,1988-03-10,Gulf Cup,Qatar,Oman,2-1,0.8246436312397631,False,True,1525.511218621165,1256.5733123718371,268.93790624932785,-19.791447149754315,-19.828183937888035,-19.906738762652974,1.0,0.5640973725774836,30.0,1505.7197714714107,1501.9166545217756,1503.7040842279487
16034,1988-03-12,Gulf Cup,Kuwait,Bahrain,0-1,0.8149592992777734,False,True,1649.5218448073858,1391.974382664364,257.5474621430219,-19.559023182666564,-19.772498780261486,-19.7199983181299,1.0,0.44993880634610095,30.0,1629.9628216247193,1638.0646988518608,1635.382870360514
16175,1988-06-04,Friendly,Italy,Wales,0-1,0.8007240700328487,False,True,1844.6415524320903,1668.0303367527747,176.6112156793156,-19.21737768078837,-19.454741667883347,-19.211648466545828,0.9119540435775136,0.021946325394606767,30.0,1825.424174751302,1824.3189054493523,1822.6315764085182
16199,1988-06-17,AFC Asian Cup qualification,South Korea,Bahrain,2-0,0.8185316608419411,False,True,1684.0519641475182,1422.358116897244,261.6938472502743,-29.46713979030988,-20.0,-10.513973023009948,0.015417354434185408,0.26799456457368726,10.513973023009948,1654.5848243572084,1673.7420263482254,1683.519234288446
16462,1988-12-08,UDEAC Cup,Cameroon,Gabon,0-1,0.830281703059764,False,True,1719.1035455017586,1508.3048245673176,210.798720934441,-19.926760873434336,-20.0,-12.07251513374191,0.11503932361489741,0.16394642087304623,12.07251513374191,1699.1767846283242,1708.1749180643703,1722.692072891436
16655,1989-04-18,Friendly,Trinidad and Tobago,Bermuda,0-1,0.8636177755114215,False,True,1586.2764695425453,1330.650948398696,255.62552114384926,-20.726826612274117,-20.0,-15.930088095267955,0.2115185034868315,0.35670550144799984,15.930088095267955,1565.5496429302711,1557.7065603979372,1553.4118710098712
16729,1989-05-25,Friendly,Paraguay,Bolivia,3-2,0.8353215704500808,False,True,1747.7754704054687,1400.6886785673046,347.0867918381641,-20.04771769080194,-20.0,-14.329111227257659,0.15563961936663978,0.3242200453072881,14.329111227257659,1727.7277527146668,1729.4954409684756,1731.4431228867375
16745,1989-05-30,Amílcar Cabral Cup,Senegal,Cape Verde,2-1,0.8135380240674205,False,True,1637.7969042819734,1381.8818746093662,255.91502967260726,-19.524912577618093,-19.610573054515307,-9.954427652515838,0.05275676880087591,0.08603315016185203,9.954427652515838,1618.2719917043553,1621.6900166843093,1629.18108048259
16833,1989-07-02,Copa América,Uruguay,Ecuador,0-1,0.8042374721076447,False,True,1748.6861155224003,1503.2242195148415,245.46189600755883,-19.301699330583475,-19.457898115249467,-19.58288327632213,0.723307484248445,0.21530326522705445,27.081805743779118,1729.3844161918169,1722.8651424523314,1733.3240288663596
16859,1989-07-09,Friendly,Malawi,Mozambique,0-1,0.8085283363907576,False,True,1603.2609372372444,1418.0246434429048,185.23629379433964,-19.40468007337818,-19.48591326003983,-12.222599263906032,0.08605778071431992,0.26965156584529426,12.222599263906032,1583.8562571638663,1589.3823223245129,1591.9391450525645
16949,1989-09-03,FIFA World Cup qualification,Uruguay,Bolivia,2-1,0.8377611204267773,False,True,1773.834241243426,1423.6481360631178,350.18610518030823,-20.106266890242654,-20.0,-17.855977688001417,0.3358965052373179,0.22430769528822364,17.855977688001417,1753.7279743531833,1746.684598506635,1750.6434902327187
17088,1989-12-01,Friendly,Zambia,Botswana,2-1,0.8044072932073616,False,True,1665.2669773859354,1354.617640345889,310.6493370400465,-19.305775036976677,-19.488510191308485,-19.003163440643988,1.0,0.6108231654770411,30.0,1645.9612023489588,1654.2302677759365,1643.6512305564554
17267,1990-05-13,NAFU Championship,Mexico,Canada,2-1,0.8715226445547433,False,True,1911.4182389551886,1513.837404087101,397.58083486808755,-20.916543469313837,-20.0,-21.015957828694944,1.0,0.20296792999967428,30.0,1890.5016954858747,1889.836221176181,1891.8844773553412
17272,1990-05-16,Friendly,Russia,Israel,3-2,0.8201490456697973,False,True,1855.3624990348185,1526.7704841318746,328.5920149029439,-19.683577096075133,-19.802725880403486,-12.557981034550862,0.015919890138670564,0.521987958902846,12.557981034550862,1835.6789219387433,1833.3528548374327,1847.3132189534429
17455,1990-09-08,Friendly,Malaysia,Yemen,0-1,0.8778662565546438,False,True,1504.2632732858924,1226.626198353632,277.6370749322605,-21.06879015731145,-20.0,-21.064343173408357,1.0,0.27666987486745154,30.0,1483.194483128581,1488.6162897279783,1488.0361619249597
17506,1990-10-10,Friendly,Poland,United States,2-3,0.8061841524360652,False,True,1742.1722729200164,1559.5542841081565,182.61798881185996,-19.348419658465566,-19.640328429835503,-12.704935275361585,0.07833657665805625,0.35310717944602954,12.704935275361585,1722.8238532615508,1723.4535747601453,1735.4588584327332
17532,1990-11-01,Melanesia Cup,New Caledonia,Vanuatu,0-1,0.8615591904442698,False,True,1613.63914426663,1361.030748558501,252.6083957081289,-20.677420570662473,-20.0,-11.247229604588021,0.03227355750452817,0.30908302805991816,11.247229604588021,1592.9617236959675,1594.2765890190497,1616.513098171791
17695,1991-04-17,Friendly,Congo,Benin,1-2,0.852672151568223,False,True,1566.2985830074726,1326.299689970507,239.99889303696568,-20.46413163763735,-20.0,-20.61106799994197,1.0,0.546262724178248,30.0,1545.8344513698353,1552.1256341950482,1552.4801517873793
17746,1991-05-15,CFU Caribbean Cup qualification,Martinique,French Guiana,1-2,0.8171022630978386,False,True,1564.2661546005995,1369.2389219553818,195.02723264521774,-19.610454314348125,-19.968814048002788,-20.107130315131066,0.8760050805706369,0.036613261200097724,29.317028023296064,1544.6557002862514,1555.9946264830148,1553.0008652329477
17808,1991-06-12,Friendly,Uruguay,Peru,1-0,0.8002329348913826,False,True,1756.5632521840503,1450.486239257582,306.07701292646834,-19.205590437393184,-19.035758188752098,-19.180121972556336,0.32027379640661285,0.4919252954510258,19.621973477366915,1737.3576617466572,1728.5304299853137,1741.1427855105978
17835,1991-06-26,Island Games,Jersey,Faroe Islands,5-3,0.8022404390132357,False,True,1717.172802057107,1473.9059778033786,243.26682425372837,-28.880655804476486,-20.0,-15.319848220668494,0.2545912850315146,0.15120717248901794,15.319848220668494,1688.2921462526306,1703.1083159670409,1689.8506291435028
17936,1991-09-04,Friendly,Greece,Albania,0-2,0.8817053062277611,False,True,1633.8983028271011,1349.9550267878806,283.94327603922056,-31.7413910241994,-20.0,-13.03593038045484,0.16787652584295068,0.1258617200280031,13.03593038045484,1602.1569118029017,1595.8547137575245,1616.8240470521584
18055,1991-11-27,Friendly,Libya,Malta,2-0,0.8048547576375337,False,True,1631.9144167857678,1320.7705976123466,311.1438191734212,-28.974771274951213,-20.0,-28.525374093593733,0.749240559917184,0.3179500819476646,28.525374093593733,1602.9396455108165,1615.1396008312313,1600.0085237778965
18168,1992-03-21,FIFA World Cup qualification,Dominican Republic,Puerto Rico,1-2,0.8059179836862607,False,True,1376.8162620383753,1194.4940414228852,182.3222206154901,-19.342031608470258,-19.57949193437189,-19.364501583868048,0.8324240331830743,0.25639888373230213,30.0,1357.474230429905,1366.1180024491227,1354.9752049238152
18309,1992-06-16,FIFA World Cup qualification,Faroe Islands,Cyprus,0-2,0.8665090000864178,False,True,1463.6922932669459,1203.763856560691,259.92843670625484,-31.194324003111042,-20.0,-30.0,1.0,0.20891919589491517,30.0,1432.4979692638349,1431.8617154096687,1422.4025637128718
18397,1992-08-11,Friendly,Australia,Malaysia,0-1,0.8631631433337489,False,True,1713.8094911403302,1393.8535716919541,319.9559194483761,-20.715915440009972,-20.0,-19.754104180507902,0.4144515290380607,0.22590843544930572,19.754104180507902,1693.0935757003203,1685.80123149489,1686.8539548865585
18464,1992-09-02,Friendly,Greece,Cyprus,2-3,0.9237301243512543,False,True,1603.2350080025828,1234.958180563802,368.27682743878086,-22.169522984430102,-20.0,-22.306681738846354,1.0,0.286215401824795,30.0,1581.0654850181527,1575.390767126402,1591.1953281725714
18631,1992-11-18,CECAFA Cup,Tanzania,Zanzibar,0-1,0.8097647811306665,False,True,1407.4020685288453,1220.7748838122232,186.6271847166222,-19.434354747136,-19.593325142315337,-14.203010313452987,0.24364918318045867,0.044428739640247406,14.203010313452987,1387.9677137817093,1387.4160278913894,1390.909313633791
19072,1993-05-28,FIFA World Cup qualification,China,Yemen,1-0,0.8699027267012251,False,True,1610.4737987984743,1280.392799665179,330.08099913329534,-20.877665440829404,-20.0,-20.804975216653915,1.0,0.358753368480258,30.0,1589.596133357645,1593.7035616765365,1588.656568664989
19234,1993-07-10,Friendly,Malawi,Eswatini,0-1,0.8008439351620619,False,True,1553.7617347468565,1377.0199929042496,176.74174184260687,-19.220254443889484,-19.26346261335764,-19.345196282167013,0.5156593338275713,0.3060498450902922,22.82422277258405,1534.541480302967,1539.7220821475764,1540.4167262532321
19279,1993-07-25,FIFA World Cup qualification,Brazil,Bolivia,2-0,0.8531139569093291,False,True,1881.9435887502038,1511.3329826036008,370.610606146603,-30.71210244873585,-20.0,-17.951409626016563,0.3208895431652209,0.28125757375640803,17.951409626016563,1851.231486301468,1862.029136292944,1860.5198244784692
19348,1993-09-12,FIFA World Cup qualification,Ecuador,Venezuela,2-1,0.8036979933452889,False,True,1591.530839747552,1281.6635817920203,309.8672579555316,-19.288751840286935,-19.149929460245602,-19.150417884489325,1.0,0.35185084169641423,30.0,1572.242087907265,1556.2703269482693,1560.2114042049327
19386,1993-10-13,FIFA World Cup qualification,France,Israel,2-3,0.9106969316306137,False,True,1863.7416422941174,1525.338645400018,338.40299689409926,-21.85672635913473,-20.0,-21.964911212068845,1.0,0.15170939865988134,30.0,1841.8849159349827,1844.1645082843727,1843.3770636312152
19411,1993-10-26,Friendly,Liechtenstein,Estonia,0-2,0.8793631747703425,False,True,1447.7907043180512,1167.7153542405472,280.075350077504,-31.657074291732332,-20.0,-30.0,1.0,0.2604882076141436,30.0,1416.1336300263188,1423.3133117119824,1425.999448391483
19449,1993-11-26,Friendly,Ghana,Gambia,3-0,0.8666035727447239,False,True,1665.9959402625982,1340.9254294220248,325.07051084057343,-36.3973500552784,-20.0,-15.434316282300589,0.21185101896546538,0.2937364783911775,15.434316282300589,1629.5985902073198,1654.2118843571327,1652.174054553514
19559,1994-02-16,Friendly,Belgium,Malta,1-0,0.8879138975476497,False,True,1758.3009619524598,1333.773327637503,424.5276343149569,-21.309933541143593,-20.0,-21.36382570688801,0.5480166719941207,0.0769910720574537,21.768328704318527,1736.9910284113162,1739.2235175474445,1739.3713429520571
19635,1994-04-07,Friendly,Colombia,Bolivia,0-1,0.8573029933103189,False,True,1811.3457717305134,1564.8579809560733,246.4877907744401,-20.57527183944765,-20.0,-20.456532330962077,0.5787619878955571,0.09079332075735169,22.616634275552187,1790.7704998910658,1771.4525410695305,1779.363351809103
19746,1994-06-05,Friendly,Republic of Ireland,Czech Republic,1-3,0.8812073148967873,False,True,1813.8522658490062,1530.7369079885807,283.11535786042555,-31.723463336284343,-20.0,-30.0,1.0,0.7277561171875888,30.0,1782.128802512722,1789.8176841504255,1784.1079447570478
19884,1994-09-07,UEFA Euro qualification,Ukraine,Lithuania,0-2,0.8007097311616393,False,True,1555.8742927616015,1379.2786873302769,176.59560543132466,-28.825550321819016,-20.0,-28.47533381656985,0.9908736672249747,0.0027385270789018756,30.0,1527.0487424397825,1531.347089075905,1512.17312049549
19898,1994-09-10,Friendly,Qatar,Oman,0-2,0.8383404641812653,False,True,1571.1031118970368,1350.1754713750297,220.9276405220071,-30.18025671052555,-20.0,-21.99308276462409,0.5324026014634569,0.15192754118764096,21.99308276462409,1540.9228551865112,1548.5915986885104,1539.4639524873946
20039,1994-11-16,UEFA Euro qualification,Italy,Croatia,1-2,0.8395592592304816,False,True,1904.1914269304327,1681.6967480535147,222.494678876918,-20.14942222153156,-20.0,-20.45371129737868,0.6933982152872351,0.020438172707230976,24.80506254855149,1884.0420047089012,1881.3990094593337,1885.319738721335
20083,1994-12-10,Friendly,Ivory Coast,Namibia,2-1,0.8046063239984937,False,True,1700.3614044336487,1389.4922291517419,310.8691752819068,-19.31055177596385,-19.468215249723198,-19.24625497021262,0.7344494167072689,0.04442141862547705,25.982157349978273,1681.0508526576848,1690.2679873370791,1688.1309075640054
20113,1995-01-02,Friendly,Mali,Mauritania,0-1,0.8720476976406352,False,True,1540.7981791036598,1272.4013251543865,268.39685394927324,-20.929144743375243,-20.0,-21.31715446041823,1.0,0.3882147691840929,30.0,1519.8690343602846,1519.0473116702865,1521.380813430381
20174,1995-02-22,UEFA Euro qualification,Malta,Luxembourg,0-1,0.8575109915749685,False,True,1361.3703708112184,1114.5870382937428,246.78333251747563,-20.580263797799244,-20.0,-12.480801686349407,0.15369486233628757,0.09901562378481314,12.480801686349407,1340.7901070134192,1317.9198742640947,1331.7902494876028
20191,1995-03-14,Nehru Cup,Uzbekistan,India,1-0,0.8358016390185666,False,True,1652.1521862589325,1304.4584259536007,347.6937603053318,-20.0592393364456,-19.945813513490844,-19.727464519448876,0.5044206213036525,0.36679217194152547,23.040432286819865,1632.0929469224868,1625.3570365907137,1620.8400149737204
20276,1995-04-26,UEFA Euro qualification,Switzerland,Turkey,1-2,0.8318642710950213,False,True,1800.706427958895,1587.949443722924,212.756984235971,-19.96474250628051,-19.960814873546013,-15.56971470190462,0.24347359208890704,0.2157935614713562,15.56971470190462,1780.7416854526143,1769.5201776774488,1793.7324128760688
20371,1995-06-07,UEFA Euro qualification,Northern Ireland,Latvia,1-2,0.8536771768882321,False,True,1599.769010289332,1358.3763706967966,241.3926395925355,-20.488252245317568,-20.0,-20.046167605624508,0.5420490693235781,0.3697692609713775,23.967331751536896,1579.2807580440144,1572.272200117211,1567.4198531485097
20374,1995-06-07,UEFA Euro qualification,Czech Republic,Luxembourg,1-0,0.9242498960853096,False,True,1632.929507960473,1133.367036971314,499.562470989159,-22.18199750604743,-20.0,-22.044549913049984,0.9218562098132506,0.038063253598875524,30.0,1610.7475104544255,1589.0806548231453,1591.5465413330503
20380,1995-06-07,UEFA Euro qualification,Netherlands,Belarus,1-0,0.8462179363664708,False,True,1818.8178799454658,1457.587263198168,361.23061674729774,-20.3092304727953,-20.0,-20.27367519367574,0.9504623180376176,0.6858066650459771,30.0,1798.5086494726706,1801.0006464691824,1794.9001599749702
20393,1995-06-11,UEFA Euro qualification,Republic of Ireland,Austria,1-3,0.8228785789354169,False,True,1800.6601635844763,1598.834295970526,201.82586761395032,-29.62362884167501,-20.0,-19.566534874716282,0.3524976216413279,0.38832399441555154,19.566534874716282,1771.0365347428012,1785.194844227279,1783.1485672855586
20666,1995-11-16,Friendly,Mexico,Serbia,1-4,0.834230734709978,False,True,1776.7328803736161,1561.0200109967852,215.7128693768309,-35.03769085781907,-20.0,-15.283079575338665,0.21281945843515004,0.27192657161188283,15.283079575338665,1741.695189515797,1770.5873208879939,1775.4492934953478
20701,1995-11-29,CECAFA Cup,Rwanda,Zanzibar,2-1,0.8081309236440738,False,True,1474.147800707947,1224.3571044109544,249.79069629699256,-19.39514216745777,-19.561857649876828,-19.592056388870972,0.4895274837298959,0.19293598876785334,21.29214751966033,1454.7526585404892,1455.7095735126059,1459.6376907484607
20711,1995-11-30,CECAFA Cup,Uganda,Zanzibar,0-1,0.8935462621750109,False,True,1548.3346975258978,1243.7522465784123,304.58245094748554,-21.445110292200262,-20.0,-16.586423806942935,0.2934556623666712,0.19293598876785334,16.586423806942935,1526.8895872336975,1537.915044980493,1539.0290028615555
20730,1995-12-06,Friendly,Mexico,Slovenia,1-2,0.8635386346067303,False,True,1743.2766361844435,1487.7678120942683,255.50882409017527,-20.724927230561526,-20.0,-19.556254918188372,0.4769982439300361,0.013537132983438172,19.556254918188372,1722.551708953882,1750.8172692434912,1756.2420173557375
20818,1996-01-21,Gold Cup,Brazil,Mexico,2-0,0.8467748927939591,False,True,2026.0100684199813,1729.0348529587534,296.9752154612279,-30.48389614058253,-20.0,-29.693692649112382,1.0,0.13850960787346694,30.0,1995.5261722793987,2007.5775424696947,1997.8961004426176
21113,1996-06-09,Friendly,Nigeria,Togo,1-3,0.8850756879674999,False,True,1751.9679355146743,1462.3405360330764,289.6273994815979,-31.86272476683,-20.0,-15.531483986916482,0.23470221403590724,0.23732885625683853,15.531483986916482,1720.1052107478442,1733.5554453102848,1734.9184090944698
21187,1996-06-25,Friendly,Paraguay,Armenia,1-2,0.8787041494316804,False,True,1697.6664541206198,1418.66776092996,278.9986931906599,-21.08889958636033,-20.0,-21.16949123536792,0.503659498628687,0.603039522602032,24.91214414790474,1676.5775545342594,1674.532316176913,1689.720331132805
21350,1996-09-18,Friendly,Romania,United Arab Emirates,1-2,0.8066866132129878,False,True,1773.0607079865972,1589.8835398308956,183.17716815570157,-19.360478717111707,-19.35147042347776,-12.798098331622253,0.17483572082890336,0.07525512896607145,12.798098331622253,1753.7002292694856,1755.294381746257,1761.1908057106486
21353,1996-09-19,Friendly,El Salvador,Venezuela,0-1,0.8271162556131058,False,True,1518.3295071756252,1311.4045487155452,206.92495846008,-19.850790134714536,-19.91626955864247,-15.840811931427556,0.16406007007161022,0.4879212812136139,15.840811931427556,1498.4787170409106,1486.4216408685659,1491.1770809851005
21393,1996-10-05,FIFA World Cup qualification,Belarus,Estonia,1-0,0.8089809655470145,False,True,1446.9401506289278,1131.1954875286096,315.7446631003181,-19.41554317312835,-19.562104982979577,-19.270927212288267,0.6164522414448627,0.10403177218517423,23.6271079721581,1427.5246074557995,1425.9589433985361,1425.432687420629
21473,1996-11-06,Friendly,Italy,Bosnia and Herzegovina,2-1,0.8964297938026616,False,True,1890.4139897649454,1450.5014131800042,439.91257658494123,-21.51431505126388,-20.0,-21.364998824009664,1.0,0.07856371948365493,30.0,1868.8996747136816,1867.2589960424611,1869.2188244350436
21519,1996-11-13,Friendly,Andorra,Estonia,1-6,0.9112220464914258,False,True,1500.0,1160.472364333493,339.52763566650697,-43.73865823158844,-20.0,-8.0,0.0,0.0,8.0,1456.2613417684115,1480.0,1492.0
21529,1996-11-19,Friendly,Saudi Arabia,Mali,1-3,0.8257026885715159,False,True,1662.8481358095892,1457.6349315599314,205.2132042496578,-29.72529678857457,-20.0,-28.96108008155808,0.8006989657052699,0.21803811307895082,28.96108008155808,1633.1228390210147,1650.0948368637823,1636.6146680392887
21544,1996-11-25,Friendly,Iran,Turkmenistan,0-1,0.8424427333479344,False,True,1710.8356049183851,1484.5948246737628,226.24078024462233,-20.218625600350425,-20.0,-19.736962830247112,0.40670258570913304,0.24701259665349012,19.736962830247112,1690.6169793180347,1692.7108712683537,1699.518679718602
21768,1997-03-18,Friendly,Austria,Slovenia,0-2,0.8079006066187919,False,True,1683.5918275850722,1499.059051267997,184.53277631707533,-29.08442183827651,-20.0,-28.962967426820104,0.9898463708169147,0.11206175374145444,30.0,1654.5074057467957,1649.9062574558857,1643.4423967599255
21932,1997-04-30,FIFA World Cup qualification,Colombia,Peru,0-1,0.8130369361097053,False,True,1790.675340333892,1600.3335565595578,190.34178377433432,-19.512886466632928,-19.86432760080029,-19.803855528407844,0.7739723807422432,0.46486640357099884,30.0,1771.1624538672593,1769.0283782334027,1776.5766666398324
22007,1997-06-06,FIFA World Cup qualification,Iraq,Kazakhstan,1-2,0.8350280722228304,False,True,1753.3493894171675,1536.632978778309,216.7164106388584,-20.04067373334793,-20.0,-19.774921457911436,0.47406626944948854,0.04966637389046404,19.774921457911436,1733.3087156838196,1739.3574934727815,1736.9850902411238
22254,1997-08-20,FIFA World Cup qualification,Denmark,Bosnia and Herzegovina,3-0,0.856903414991282,False,True,1881.0287741907205,1505.1077325335957,375.92104165712476,-35.98994342963384,-20.0,-19.157819791574372,0.43841643626171545,0.07947816516165018,19.157819791574372,1845.0388307610867,1859.540876194573,1853.919203726059
22268,1997-09-06,FIFA World Cup qualification,Switzerland,Finland,1-2,0.8008794890791915,False,True,1678.1165054286416,1501.3360360863367,176.78046934230497,-19.221107737900596,-19.18242412049123,-19.283693000976147,0.446341303165729,0.07143771562483148,19.283693000976147,1658.895397690741,1650.8764398593125,1667.0773432286499
22305,1997-09-10,FIFA World Cup qualification,Northern Ireland,Albania,1-0,0.8027936584601196,False,True,1599.9852178095423,1356.1119950872392,243.87322272230313,-19.26704780304287,-19.505949137819485,-19.154389604234424,0.5922976968064332,0.13570798591554442,23.30080861067875,1580.7181700064993,1570.8910106813298,1571.5636622868442
22544,1998-01-21,Friendly,Turkey,Albania,1-4,0.8846804462263218,False,True,1663.81153470466,1374.8581446663536,288.95339003830645,-37.15657874150551,-20.0,-30.0,1.0,0.33458246824930327,30.0,1626.6549559631546,1637.4426655432553,1624.5727777039237
22602,1998-02-10,Gold Cup,Brazil,United States,1-0,0.8446302192975776,False,True,2064.268733222249,1705.14870807634,359.12002514590904,-20.27112526314186,-20.0,-20.400882803631458,0.9106759186177229,0.039827990539414625,30.0,2043.9976079591072,2051.896819156298,2041.982114379127
22610,1998-02-11,Friendly,England,Chile,0-2,0.8125365368689577,False,True,1924.4932563427644,1734.722751141774,189.77050520099033,-29.251315327282477,-20.0,-29.510445723112323,1.0,0.10084666572596623,30.0,1895.2419410154819,1905.2261511132488,1898.070917462006
22674,1998-03-18,Friendly,Romania,Israel,0-1,0.831683056242583,False,True,1806.4096424119589,1593.8776356184778,212.53200679348106,-19.96039334982199,-20.0,-20.464615085180245,0.599314433439691,0.2093493896610158,24.058341519840713,1786.449249062137,1787.296218333601,1790.9513286832666
22739,1998-04-29,Friendly,Brazil,Argentina,0-1,0.8578193223498126,False,True,2059.1604540815856,1811.938356207899,247.2220978736866,-20.587663736395502,-20.0,-15.632464726682421,0.15834474534619145,0.4790238547967282,15.632464726682421,2038.57279034519,2046.7131724356095,2041.5405156046154
22934,1998-07-30,Friendly,Northern Mariana Islands,Guam,2-1,0.8404718819640233,False,True,1500.0,1211.3256212608721,288.67437873912786,-20.17132516713656,-19.724196299495848,-8.0,0.0,0.0,8.0,1479.8286748328635,1480.2758037005042,1492.0
22940,1998-08-01,Friendly,Palau,Guam,2-15,0.8520425187238924,False,True,1470.6266816030618,1231.4969464280086,239.12973517505316,-61.34706134812025,-20.0,-30.0,1.0,0.6267647996772463,30.0,1409.2796202549416,1460.0,1462.0
23038,1998-09-05,UEFA Euro qualification,Spain,Cyprus,3-2,0.9105993551672747,False,True,1896.793175035179,1428.5985001848326,468.1946748503465,-21.854384524014595,-20.0,-22.076312809267122,0.6093259197792875,0.2427641164789195,24.565935006534257,1874.9387905111644,1876.0205621889559,1884.7083109511545
23046,1998-09-06,UEFA Euro qualification,Norway,Latvia,1-3,0.9586140727735387,False,True,1865.0942462652854,1384.1778020480172,480.91644421726824,-34.51010661984739,-20.0,-12.352961961465496,0.13729745365101412,0.13222788423014453,12.352961961465496,1830.584139645438,1835.9942952764775,1834.033473582952
23109,1998-10-04,Oceania Nations Cup,Australia,New Zealand,0-1,0.8368363154485899,False,True,1818.1329316829126,1599.1261258178845,219.00680586502813,-20.08407157076616,-20.0,-20.043380518309462,1.0,0.27592658932158454,30.0,1798.0488601121465,1805.7534816631467,1803.7107431519207
23122,1998-10-10,UEFA Euro qualification,Germany,Turkey,1-0,0.8282342260759945,False,True,1954.7701328161677,1616.4835156717857,338.28661714438203,-19.877621425823868,-19.84198187292593,-20.16729957208723,0.9592028503340023,0.19721802746820516,30.0,1934.8925113903438,1945.252851597746,1948.41332943526
23136,1998-10-10,UEFA Euro qualification,Denmark,Wales,1-2,0.8437329043283235,False,True,1786.8878763250914,1558.9528980443336,227.93497828075783,-20.249589703879764,-20.0,-20.29757622730222,1.0,0.3505031845393543,30.0,1766.6382866212116,1779.6931201577506,1769.27816393802
23230,1998-12-02,Asian Games,South Korea,Turkmenistan,2-3,0.8186042498389822,False,True,1745.9554375767634,1484.1766827648405,261.7787548119229,-19.646501996135573,-19.626048669061188,-19.69887322311747,0.4880769535294943,0.05709080886800766,20.170573355651925,1726.3089355806278,1727.973277619844,1731.5403367299405
23363,1999-02-28,African Cup of Nations qualification,Angola,Mauritius,0-2,0.8428676291822808,False,True,1570.8492770838495,1344.0517924340875,226.79748464976205,-30.343234650562106,-20.0,-22.860176303535955,0.4943515453153144,0.3744674019960511,22.860176303535955,1540.5060424332873,1552.6702576222092,1552.502377330804
23387,1999-03-10,Friendly,Romania,Israel,0-2,0.801083943612907,False,True,1828.9920753971546,1651.9888007639277,177.00327463322697,-28.839021970064653,-20.0,-18.15171231852145,0.41478614485955956,0.02460560523650246,18.15171231852145,1800.15305342709,1808.8922034700115,1813.828014874228
23401,1999-03-16,Friendly,Cyprus,Estonia,1-2,0.8104492690040462,False,True,1461.2247068515212,1273.8245583437097,187.40014850781154,-19.45078245609711,-19.81841439958611,-19.501337161995394,0.594555906954481,0.15495816803202234,23.509007111163722,1441.773924395424,1425.1840300313454,1432.2425749467811
23502,1999-04-28,Friendly,Germany,Scotland,0-1,0.8470515290452612,False,True,1907.543056739751,1675.1971802959358,232.3458764438151,-20.329236697086266,-20.0,-9.930964910295904,0.05852066067572766,0.065808631759805,9.930964910295904,1887.2138200426646,1906.565761222907,1910.3594073486959
23540,1999-05-29,Friendly,Colombia,El Salvador,2-1,0.8083871058647931,False,True,1715.1138158549916,1465.0359569890877,250.07785886590386,-19.401290540755035,-19.477417121340427,-15.99835763986906,0.1489799202335864,0.5528549442828732,15.99835763986906,1695.7125253142365,1692.4668248326136,1703.5233719990952
23582,1999-06-05,UEFA Euro qualification,France,Russia,2-3,0.8605514655902983,False,True,1981.9899409757622,1730.844783238106,251.1451577376563,-20.653235174167158,-20.0,-9.745141593388263,0.06324690122491994,0.02840199549877309,9.745141593388263,1961.3367058015951,1960.1244188804178,1971.5091314477302
23612,1999-06-09,UEFA Euro qualification,Greece,Latvia,1-2,0.8826641193186392,False,True,1680.4586965552921,1394.912842417826,285.5458541374662,-21.18393886364734,-20.0,-11.134778168600361,0.013482334872527256,0.3514002664574634,11.134778168600361,1659.2747576916447,1654.373959746171,1664.1577462114255
23627,1999-06-13,Friendly,Kenya,Zanzibar,0-1,0.8707582032221526,False,True,1537.3583908351789,1270.960555876383,266.3978349587958,-20.898196877331664,-20.0,-21.13807806293786,1.0,0.5243832786590101,30.0,1516.4601939578472,1521.490851430307,1528.91375673739
23628,1999-06-15,Friendly,Ecuador,Venezuela,3-2,0.8699941204580748,False,True,1714.340678630511,1319.119349110577,395.221329519934,-20.879858890993795,-20.0,-21.04525905509491,1.0,0.36640233220462404,30.0,1693.4608197395173,1682.822135087822,1691.3615718581038
23642,1999-06-20,Friendly,Peru,Venezuela,3-0,0.8046376923964269,False,True,1650.9030465186306,1339.9992080015709,310.90383851705974,-33.79478308064993,-20.0,-30.0,1.0,0.17074706433875353,30.0,1617.1082634379807,1624.0287013688367,1610.549946728282
23696,1999-07-01,Island Games,Jersey,Isle of Man,1-0,0.8127323662763555,False,True,1736.6128308841592,1481.618897848833,254.9939330353261,-19.50557679063253,-19.76397270527469,-14.966643938718368,0.23371689729500084,0.1696798004547934,14.966643938718368,1717.1072540935265,1729.8359832232982,1723.1294807928095
23828,1999-08-18,Friendly,Belgium,Finland,3-4,0.8144887058238897,False,True,1712.0465438865097,1520.040659358704,192.00588452780562,-19.54772893977335,-19.78477769587569,-19.92668334691719,0.7620483569281474,0.642982846053933,30.0,1692.4988149467363,1692.8367655412076,1698.4503730016136
24009,1999-11-17,UEFA Euro qualification,England,Scotland,0-1,0.8256407928853725,False,True,1883.3178443749096,1678.1793416512623,205.1385027236472,-19.81537902924894,-20.0,-19.799849600712367,0.5657631296058463,0.30955215363029426,24.054732339582664,1863.5024653456605,1866.7937390340587,1869.03616760543
24080,2000-01-20,Friendly,Qatar,Malta,2-0,0.8556881352741504,False,True,1592.0865773511346,1217.881188644148,374.20538870698647,-30.804772869869417,-20.0,-14.035010362867585,0.18953503079334683,0.18577120297840766,14.035010362867585,1561.2818044812652,1571.302668707256,1581.563925690854
24111,2000-01-29,AFC Asian Cup qualification,Guam,Philippines,2-0,0.8711301202013244,False,True,1312.6157615185691,980.6431188262137,331.9726426923554,-31.36068432724768,-20.0,-16.994293199456965,0.3537466029345661,0.0630468411284224,16.994293199456965,1281.2550771913213,1261.7647531624395,1276.1111567614666
24113,2000-01-31,African Cup of Nations,Cameroon,Togo,0-1,0.813162149764973,False,True,1693.105804487341,1437.6208870026371,255.48491748470383,-19.515891594359353,-19.5647525217944,-19.660953799788672,0.9445473361776686,0.4130138822081869,30.0,1673.5899128929816,1675.3119832511513,1675.4327771196345
24142,2000-02-06,Cyprus International Tournament,Romania,Cyprus,3-2,0.8307697282068287,False,True,1812.6204366047277,1471.2193920947734,341.4010445099543,-19.93847347696389,-20.0,-20.276773623699263,0.49203841175731083,0.37422398242994503,22.802713741615023,1792.6819631277638,1797.468307177837,1801.4624696368971
24270,2000-03-13,Friendly,Zambia,Malawi,0-1,0.8449710127214898,False,True,1611.977887977024,1382.4063278080127,229.57156016901126,-20.279304305315755,-20.0,-20.27276824859924,0.6699960312736922,0.34469867702496837,26.83749416676836,1591.6985836717083,1604.017529517343,1607.9675584513313
24344,2000-04-04,AFC Asian Cup qualification,Iran,Bahrain,1-0,0.8473451513174457,False,True,1751.0789245274086,1453.3390262900225,297.7398982373861,-20.3362836316187,-20.0,-11.311043525181798,0.052607471050602296,0.25605802749591794,11.311043525181798,1730.74264089579,1738.168030269209,1754.5620620904788
24665,2000-06-22,Oceania Nations Cup,Tahiti,Vanuatu,2-3,0.8582925173280763,False,True,1663.4491955163971,1415.5521782615008,247.89701725489635,-20.59902041587383,-20.0,-20.95477318962952,1.0,0.6910913527506183,30.0,1642.8501751005233,1669.639158798799,1651.6593366148431
24698,2000-07-01,African Cup of Nations qualification,Madagascar,Botswana,1-0,0.8365628980416946,False,True,1616.3010005014337,1267.6418218383599,348.6591786630738,-20.07750955300067,-20.0,-12.851777408174499,0.1550930379559509,0.14119306215395966,12.851777408174499,1596.223490948433,1595.160179763493,1609.8996738990666
24783,2000-08-10,Friendly,Costa Rica,Venezuela,1-5,0.8727154196371225,False,True,1657.1217451074779,1387.683003387824,269.43874171965376,-39.27219388367051,-20.0,-15.45770263723048,0.11640813050715562,0.5829884381323431,15.45770263723048,1617.8495512238073,1630.2568326709613,1623.8487179214328
24790,2000-08-15,FIFA World Cup qualification,Brazil,Chile,3-0,0.8098222094836587,False,True,2016.1483279676772,1699.456373680481,316.69195428719627,-34.012532798313664,-20.0,-25.1803346956545,0.6269398172012722,0.26672238535299575,25.1803346956545,1982.1357951693635,2003.898393907599,1997.9357218643008
24813,2000-08-16,Friendly,Czech Republic,Slovenia,0-1,0.854885132559361,False,True,1843.6715622951297,1600.5932203700706,243.07834192505902,-20.517243181424664,-20.0,-15.255619847743674,0.1714143216710685,0.3927095159547537,15.255619847743674,1823.154319113705,1818.0717633470942,1823.281502702727
24981,2000-10-11,FIFA World Cup qualification,Greece,Albania,2-0,0.8037428038432011,False,True,1735.937198406523,1426.020595364396,309.916603042127,-28.93474093835524,-20.0,-10.360902451538873,0.030266709223617124,0.20431267877150783,10.360902451538873,1707.002457468168,1712.1781852303661,1719.4456846452622
25111,2001-01-11,Millennium Cup,Romania,Jordan,0-1,0.8013458556238225,False,True,1768.1081547586084,1525.8192086206623,242.28894613794614,-19.232300534971742,-19.406644934977102,-15.923580770035972,0.1940444708940837,0.4083141835722456,15.923580770035972,1748.8758542236367,1751.815231451596,1756.1351762487886
25125,2001-01-14,African Cup of Nations qualification,Zimbabwe,Lesotho,1-2,0.8723581489736939,False,True,1585.014746130455,1316.1340546416618,268.8806914887932,-20.936595575368653,-20.0,-20.897918718174886,0.462050097569889,0.611145473233885,23.978366127548416,1564.0781505550863,1566.6636553641506,1566.5473896610877
25176,2001-02-01,Nordic Championship,Sweden,Finland,0-1,0.8245281162230141,False,True,1776.71924130859,1572.920068866936,203.79917244165404,-19.78867478935234,-20.0,-20.033430207325743,1.0,0.45991555423988084,30.0,1756.9305665192376,1756.4324118484321,1752.8067256071956
25192,2001-02-09,Friendly,Fiji,Malaysia,1-2,0.8660845998011835,False,True,1698.439736824446,1439.1478197089043,259.29191711554176,-20.7860303952284,-20.0,-13.930549618259965,0.2022734798901342,0.13449826261209297,13.930549618259965,1677.6537064292177,1661.084385302415,1684.0265336642972
25251,2001-02-27,FIFA World Cup qualification,Kuwait,Bahrain,0-1,0.8520194869219684,False,True,1692.3713779947,1453.2733783742308,239.09799962046918,-20.44846768612724,-20.0,-20.466669616284907,1.0,0.07534858720064186,30.0,1671.9229103085727,1677.069835594942,1676.2567325780446
25383,2001-03-28,FIFA World Cup qualification,Norway,Belarus,2-1,0.8467404122837804,False,True,1784.9686780897287,1423.0396241442595,361.92905394546915,-20.32176989481073,-20.0,-13.769537586453902,0.008350397822651543,0.696141004838783,13.769537586453902,1764.6469081949178,1776.8041310398662,1793.7625759103162
25387,2001-03-28,FIFA World Cup qualification,Brazil,Ecuador,1-0,0.8278228037900334,False,True,1992.57065883015,1654.7859571238187,337.78470170633136,-19.8677472909608,-20.0,-15.25868821104725,0.21767066931645757,0.25432401843153374,15.25868821104725,1972.7029115391892,1991.4522821005796,1990.77836526661
25478,2001-04-25,Friendly,Turkey,Albania,0-2,0.8333556642404271,False,True,1670.5348545964487,1455.9189205785603,214.61593401788832,-30.000803912655375,-20.0,-29.914948660171913,0.8996042187121642,0.356455874389593,30.0,1640.5340506837933,1655.984957157231,1624.3003055171773
25579,2001-05-23,UNCAF Cup,Honduras,Panama,1-2,0.8600708753091458,False,True,1730.0497372930508,1479.5992877414021,250.45044955164872,-20.6417010074195,-20.0,-13.766395399694417,0.22331529770022698,0.05085353186112107,13.766395399694417,1709.4080362856314,1706.7842882548032,1704.4728588885293
25679,2001-06-06,FIFA World Cup qualification,Slovakia,Azerbaijan,2-0,0.8658356056311757,False,True,1684.9042217731696,1295.984955081975,388.9192666911947,-31.170081802722326,-20.0,-19.213680534905464,0.3887402554895686,0.23548930039447724,19.213680534905464,1653.7341399704474,1654.3484416666656,1655.8465539549659
25702,2001-06-16,African Cup of Nations qualification,Morocco,Gabon,0-1,0.8105528911256709,False,True,1727.847282537747,1540.329931643525,187.5173508942221,-19.4532693870161,-19.725475696078497,-19.647944811283978,0.46973939472696996,0.18822796319767943,20.779569179028712,1708.394013150731,1719.9851001414916,1720.02147810619
25813,2001-07-21,COSAFA Cup,South Africa,Malawi,1-0,0.8165439232696979,False,True,1694.8960797531313,1370.5170999958643,324.37897975726696,-19.59705415847275,-19.571875076983126,-19.662656353132547,0.6714299701671753,0.09450754454345711,24.870379640359864,1675.2990255946586,1677.0430985732316,1687.2533670658886
25856,2001-08-14,FIFA World Cup qualification,Uruguay,Venezuela,2-0,0.8252411536546597,False,True,1725.9665102894573,1391.3098269193488,334.65668337010857,-29.70868153156775,-20.0,-8.405029115352237,0.012651786573758428,0.012673279697754503,8.405029115352237,1696.2578287578897,1703.103660577447,1713.3578034138623
25913,2001-09-01,Friendly,France,Chile,2-1,0.8712078116493553,False,True,2043.9941924944287,1646.9012971560023,397.0928953384264,-20.90898747958453,-20.0,-21.203826366020294,1.0,0.1367743544718445,30.0,2023.0852050148442,2023.974513441481,2032.309659542742
25922,2001-09-04,FIFA World Cup qualification,Chile,Venezuela,0-2,0.8575169303970922,False,True,1667.8102846355869,1421.0185084509164,246.79177618467043,-30.87060949429532,-20.0,-19.344633494016627,0.18738625394705483,0.8559204249109137,19.344633494016627,1636.9396751412914,1631.1347514936936,1638.4326376114377
25943,2001-09-05,FIFA World Cup qualification,Poland,Belarus,4-1,0.8086178678014204,False,True,1757.849626600177,1442.5128486739682,315.3367779262089,-33.96195044765966,-20.0,-12.786411784165187,0.05434855183532781,0.435255817514665,12.786411784165187,1723.8876761525175,1732.466662224473,1727.3030916581733
25956,2001-09-07,Friendly,Saudi Arabia,United Arab Emirates,0-2,0.8124961202675978,False,True,1745.2045326183224,1555.480117612569,189.72441500575337,-29.24986032963352,-20.0,-19.193145929411344,0.3495492389087438,0.35049552445018706,19.193145929411344,1715.954672288689,1728.0812475430146,1743.12112843646
26044,2001-11-07,FIFA World Cup qualification,Brazil,Bolivia,3-1,0.8522778967979189,False,True,1898.2266430998131,1528.7723458342973,369.45429726551583,-30.68200428472508,-20.0,-9.158033559393806,0.00910512953531061,0.11743880631829384,9.158033559393806,1867.544638815088,1896.6393589035533,1910.2264195708979
26079,2001-11-14,Friendly,Canada,Malta,2-1,0.8796869012792528,False,True,1621.3955001546296,1210.7894150001669,410.6060851544628,-21.112485630702068,-20.0,-15.48719205188795,0.19940560310385225,0.33768219717443704,15.48719205188795,1600.2830145239275,1602.252007711529,1603.6389722742435
26081,2001-11-14,Friendly,Greece,Cyprus,1-2,0.8237190425779305,False,True,1670.593354971876,1467.763872796211,202.8294821756649,-19.76925702187033,-20.0,-9.484585857556661,0.028921631401484443,0.09880833799012945,9.484585857556661,1650.8240979500056,1655.9795702435476,1678.3259891290409
26121,2001-12-26,Friendly,Senegal,Burkina Faso,2-4,0.8144603958764047,False,True,1667.6183424918297,1475.645004318975,191.9733381728547,-29.32057425155057,-20.0,-29.06371862906432,1.0,0.7586970166393797,30.0,1638.297768240279,1640.2887274892257,1631.2926691345815
26130,2001-12-30,Friendly,Saudi Arabia,Zimbabwe,0-2,0.8077735518946884,False,True,1762.0776669368565,1577.6870716834205,184.390595253436,-29.07984786820878,-20.0,-28.497866578328274,0.7915776599903163,0.1875003423200855,28.497866578328274,1732.9978190686477,1752.2120194799143,1756.805141488143
26140,2002-01-06,Friendly,Egypt,Mali,1-2,0.8098432333591933,False,True,1708.9744650084074,1522.2587955661975,186.7156694422099,-19.43623760062064,-19.697025549763794,-15.218458448621014,0.21703441042321536,0.25120407480798057,15.218458448621014,1689.5382274077867,1696.2121177102395,1702.8868215236814
26289,2002-03-14,Friendly,Saudi Arabia,Estonia,2-0,0.8879921626309875,False,True,1738.9729589795163,1379.3086706922686,359.6642882872477,-31.96771785471555,-20.0,-24.966840662933045,0.5420866441958646,0.49459515027903644,24.966840662933045,1707.0052411248007,1734.547897264423,1735.5027995676257
26311,2002-03-27,Friendly,Portugal,Finland,1-4,0.8373009755808625,False,True,1900.071393724809,1680.4727343600925,219.59865936471647,-35.16664097439622,-20.0,-30.0,1.0,0.11480467475974765,30.0,1864.9047527504129,1872.9048844110664,1862.0310628633606
26330,2002-03-27,Friendly,Russia,Estonia,2-1,0.8412156114523933,False,True,1765.9161976803393,1411.2763885469842,354.63980913335513,-20.18917467485744,-20.0,-10.978071983053312,0.00016719795630188984,0.37175740401275836,10.978071983053312,1745.727023005482,1745.4288205472458,1757.7851125137292
26378,2002-05-05,COSAFA Cup,Zimbabwe,Eswatini,0-2,0.8913140102629454,False,True,1615.624413419933,1315.0815460110982,300.5428674088348,-32.08730436946603,-20.0,-28.767364675957545,0.6450693797889097,0.660712445127964,28.767364675957545,1583.537109050467,1585.600265265532,1566.111865883275
26393,2002-05-14,Friendly,Germany,Wales,1-0,0.8125788967053375,False,True,1872.831044313355,1553.0122246898163,319.81881962353873,-19.5018935209281,-19.811460318455623,-12.045775642315782,0.1271310931823754,0.1243286757423464,12.045775642315782,1853.3291507924268,1865.7407721783577,1883.7901434969845
26413,2002-05-18,Friendly,France,Belgium,1-2,0.8549263914084589,False,True,2020.3680514966056,1777.2319275137718,243.13612398283385,-20.518233393803015,-20.0,-17.88499446090422,0.28919333801850977,0.3680442935574981,17.88499446090422,1999.8498181028026,2001.1400410022397,2011.2560442457673
26436,2002-05-31,FIFA World Cup,France,Senegal,0-1,0.8453254079871209,False,True,2006.9050058999799,1711.8630284468643,295.0419774531156,-20.2878097916909,-20.0,-20.55009453082089,0.6360224852329887,0.2675980226077419,25.405323826453664,1986.617196108289,1988.1557716359628,1997.5030128379522
26523,2002-07-08,Oceania Nations Cup,Fiji,Vanuatu,0-1,0.8387857009024465,False,True,1697.7284325677801,1411.229449039289,286.4989835284912,-20.130856821658718,-20.0,-17.491139480916786,0.30025029597965497,0.28564154717563317,17.491139480916786,1677.5975757461215,1667.0379799467826,1688.8378937588059
26587,2002-08-21,Friendly,Brazil,Paraguay,0-1,0.8646053680327789,False,True,1979.3171651580722,1722.2305725557771,257.086592602295,-20.750528832786692,-20.0,-21.024596220235246,1.0,0.3880213850057489,30.0,1958.5666363252856,1977.5471263133563,1985.4135939103332
26595,2002-08-21,Friendly,Italy,Slovenia,0-1,0.8530657434206512,False,True,1885.318192341637,1644.7744153988574,240.5437769427797,-20.47357784209563,-20.0,-20.6201657885869,1.0,0.5112199056600779,30.0,1864.8446144995414,1867.2705899478372,1863.7658574573088
26604,2002-08-27,Friendly,Egypt,Libya,0-1,0.8606949881643202,False,True,1703.4323249651643,1452.0793119373875,251.3530130277768,-20.656679715943685,-20.0,-20.7763771604118,1.0,0.16923569527704396,30.0,1682.7756452492206,1689.201162207115,1693.532190170637
26606,2002-08-30,WAFF Championship,Iran,Jordan,1-0,0.8469154408518701,False,True,1780.518254556397,1483.3547893236844,297.1634652327127,-20.32597058044488,-20.0,-20.634672341018174,1.0,0.3484451254262372,30.0,1760.1922839759523,1767.9647172998057,1775.875703084233
26688,2002-10-12,UEFA Euro qualification,Poland,Latvia,0-1,0.8867145846419848,False,True,1707.5694685854507,1415.1255284040847,292.4439401813661,-21.281150031407634,-20.0,-21.43929461509446,1.0,0.06680094037366617,30.0,1686.2883185540431,1689.4376258920831,1687.353610115339
26745,2002-10-16,UEFA Euro qualification,Republic of Ireland,Switzerland,1-2,0.8067572284576575,False,True,1827.7958672593202,1644.540024182553,183.25584307676718,-19.36217348298378,-19.389450556071797,-12.523969781811648,0.02532934993015043,0.4895081729360047,12.523969781811648,1808.4336937763364,1805.749821142692,1812.8257091677735
26759,2002-10-26,Friendly,Jersey,Kernow,0-3,0.8399470115249988,False,True,1722.155177570495,1499.1599369170717,222.99524065342325,-35.27777448404995,-20.0,-30.0,1.0,0.28934926098717484,30.0,1686.877403086445,1718.4205366315146,1701.8276205834181
26772,2002-11-17,Friendly,Cayman Islands,Nicaragua,0-1,0.8636240110989977,False,True,1353.8421400957197,1098.2074218562068,255.63471823951295,-20.726976266375942,-20.0,-20.12018212397213,0.38315667168625556,0.3833570904401995,20.26261684399173,1333.1151638293438,1319.5300878675846,1293.176885784548
26773,2002-11-17,Gold Cup qualification,Trinidad and Tobago,Saint Lucia,0-1,0.8039694544144832,False,True,1623.7256911468971,1443.5593711151234,180.1663200317737,-19.295266905947596,-19.551323225726964,-19.49047072768669,0.5199583279158767,0.25336904967153584,22.50595226735333,1604.4304242409496,1602.7178684437858,1603.8249652007974
26902,2003-01-10,SAFF Cup,India,Pakistan,0-1,0.8180473242296196,False,True,1346.350792640793,1085.2227999235402,261.12799271725294,-19.63313578151087,-19.634416735813836,-13.847433476929858,0.14463523959446656,0.29702346583283257,13.847433476929858,1326.7176568592822,1330.529765922287,1343.7916178737346
26991,2003-02-21,UNCAF Cup,Panama,Nicaragua,0-1,0.9251203548259671,False,True,1481.7767162932316,1110.0429327801412,371.73378351309043,-22.20288851582321,-20.0,-14.988543008316311,0.21409138266989186,0.2312937280298633,14.988543008316311,1459.5738277774085,1457.3013425291929,1453.3991763356912
27082,2003-03-29,UEFA Euro qualification,Russia,Albania,3-1,0.8123339724443919,False,True,1770.080528173058,1450.54094615735,319.539582015708,-29.24402300799811,-20.0,-30.0,1.0,0.1972926480495413,30.0,1740.8365051650599,1748.8524944827827,1746.004515383848
27133,2003-04-02,UEFA Euro qualification,Denmark,Bosnia and Herzegovina,0-2,0.9207347596431668,False,True,1891.79056187683,1530.7698586371955,361.0207032396345,-33.146451347154006,-20.0,-30.0,1.0,0.36663900196105503,30.0,1858.644110529676,1869.0057091183053,1862.4654371096028
27166,2003-04-30,Friendly,Saudi Arabia,Liechtenstein,1-0,0.9328198677372556,False,True,1707.1760122063176,1185.1532390731861,522.0227731331315,-22.387676825694133,-20.0,-11.23271654242397,0.051652383239574766,0.249132418084272,11.23271654242397,1684.7883353806235,1705.4388194809364,1715.7711025615627
27223,2003-06-07,UEFA Euro qualification,Spain,Greece,0-1,0.847493737663922,False,True,1931.0829146397455,1698.1433864884768,232.93952815126863,-20.339849703934128,-20.0,-13.843104075176345,0.19485952148939156,0.1458094449288686,13.843104075176345,1910.7430649358114,1912.8575065475243,1924.6355078158024
27278,2003-06-11,UEFA Euro qualification,Serbia,Azerbaijan,2-1,0.8481113984283065,False,True,1695.7246554087312,1331.9535688226626,363.7710865860686,-20.354673562279356,-20.0,-20.479175942837376,1.0,0.4554573174653612,30.0,1675.3699818464518,1675.380130947169,1673.6352772769535
27376,2003-07-04,Island Games,Saare County,Alderney,0-1,0.8171059889699183,False,True,1355.8939707357292,1095.8624070631124,260.0315636726168,-19.61054373527804,-19.733872098647723,-20.09837563016849,1.0,0.3032786052731524,30.0,1336.2834270004512,1342.1011790747575,1356.1272587260821
27399,2003-07-06,Friendly,Mexico,El Salvador,2-1,0.8344654591291509,False,True,1811.1433298274835,1530.1354353769711,281.00789445051237,-20.027171019099622,-20.0,-20.229816099732957,0.5416113190517042,0.08220446447019847,21.65630737300249,1791.116158808384,1789.9473697440615,1788.0704900699686
27611,2003-10-11,UEFA Euro qualification,Sweden,Latvia,0-1,0.9210995135994775,False,True,1812.3724738626518,1450.481724886437,361.8907489762148,-22.10638832638746,-20.0,-16.037488699157663,0.19681079384699848,0.41425370585371246,16.037488699157663,1790.2660855362642,1793.4312515297888,1797.9772235634362
27674,2003-10-19,AFC Asian Cup qualification,South Korea,Vietnam,1-0,0.8721574166149242,False,True,1751.7434166170638,1418.1756805398554,333.56773607720834,-20.93177799875818,-20.0,-21.021983792599272,1.0,0.018950143359039884,30.0,1730.8116386183056,1735.0282927268524,1741.5358765352248
27714,2003-11-14,FIFA World Cup qualification,Zimbabwe,Mauritania,2-1,0.8494545183809705,False,True,1608.5521383065068,1242.9631761562114,365.5889621502954,-20.38690844114329,-20.0,-18.472434277241213,0.39142239628430836,0.13478709580222692,18.472434277241213,1588.1652298653635,1597.3420395004566,1582.2355657547064
27718,2003-11-15,UEFA Euro qualification,Netherlands,Scotland,1-0,0.825100963485002,False,True,1964.9569556461263,1630.4690847629518,334.48787088317454,-19.802423123640047,-19.856163392842483,-19.9808368198437,0.6238503910286961,0.024864180221568444,23.171322826461253,1945.1545325224863,1945.7975607519545,1954.3732927865933
27727,2003-11-15,UEFA Euro qualification,Turkey,Latvia,1-0,0.8064623451951145,False,True,1785.5155613055153,1472.5881132128245,312.92744809269084,-19.355096284682748,-19.79595430461549,-19.638329353415934,1.0,0.079678073946932,30.0,1766.1604650208326,1769.5407110411772,1761.7272032968576
27938,2004-02-15,Friendly,Barbados,Guyana,0-2,0.8293075413683088,False,True,1524.7571279106223,1315.1566156199092,209.60051229071314,-29.855071489259114,-20.0,-17.8165441982714,0.25820469730375,0.45245393287267527,17.8165441982714,1494.902056421363,1495.0423202333945,1492.4958215496047
28017,2004-03-21,Friendly,Saint Kitts and Nevis,Antigua and Barbuda,2-3,0.8162248548633186,False,True,1531.495654598558,1337.4864382251342,194.0092163734239,-19.589396516719646,-19.64389345868318,-14.234202222096954,0.218825026365997,0.12280019866412828,14.234202222096954,1511.9062580818384,1502.3238064038296,1500.2294035125717
28198,2004-05-29,Friendly,Netherlands,Belgium,0-1,0.8234579892382226,False,True,1965.7186412108035,1763.2012897351713,202.51735147563227,-19.762991741717343,-19.65946434123689,-19.72882322436256,0.9817255088367599,0.18543644590107333,30.0,1945.9556494690862,1946.8984129233884,1954.665519955022
28278,2004-06-06,Friendly,Germany,Hungary,0-2,0.8858619121080821,False,True,1849.5405650220825,1558.5663903222821,290.9741746998004,-31.891028835890953,-20.0,-15.432193021539153,0.2082887709305095,0.3041578149008656,15.432193021539153,1817.6495361861917,1839.127062341355,1860.6545189541773
28372,2004-06-25,UEFA Euro,France,Greece,0-1,0.8107285747073385,False,True,2021.8832232613672,1769.1670521614562,252.71617109991098,-19.457485792976122,-19.595171877574828,-12.311390656646358,0.1443353849791423,0.10591767714336779,12.311390656646358,2002.4257374683912,2009.6279871488123,2016.4250239436576
28491,2004-08-18,Friendly,Turkey,Belarus,1-2,0.86748009394053,False,True,1813.4478897162946,1552.0565303255146,261.39135939078005,-20.81952225457272,-20.0,-20.805727918112698,0.363333351859545,0.5107159341854524,20.805727918112698,1792.6283674617218,1791.49076976214,1784.7261998427987
28510,2004-08-18,Friendly,Italy,Iceland,2-0,0.8510543712567764,False,True,1907.3850831683828,1539.6132653072905,367.77181786109236,-30.63795736524395,-20.0,-11.125617331315695,0.056625537772694336,0.22082555309637897,11.125617331315695,1876.747125803139,1891.2923157506032,1905.2675236116138
28549,2004-09-04,FIFA World Cup qualification,Greece,Albania,2-1,0.8201628014470819,False,True,1827.4651896700952,1498.8569739517093,328.60821571838596,-19.683907234729965,-20.0,-20.156521411061103,1.0,0.19860760368771602,30.0,1807.7812824353653,1808.2792941126374,1817.1726298556373
28716,2004-10-13,FIFA World Cup qualification,North Macedonia,Andorra,1-0,0.8017254429192999,False,True,1543.4386046326267,1235.7351334944506,307.70347113817616,-19.2414106300632,-19.114960753275213,-19.0891921686327,0.6797385524790533,0.3583061614517923,27.18017455111162,1524.1971940025635,1518.1931914187574,1518.2647823452103
28751,2004-11-05,Friendly,Kuwait,India,2-3,0.8504521343925296,False,True,1597.9633348260672,1361.0154722619234,236.94786256414386,-20.41085122542071,-20.0,-20.486370921786737,0.8024086677089867,0.515807217717734,30.0,1577.5524836006466,1587.180535092816,1592.1662896067296
28783,2004-11-17,FIFA World Cup qualification,Syria,Kyrgyzstan,0-1,0.8547933410967674,False,True,1569.2914972713816,1326.3416582420284,242.94983902935314,-20.515040186322416,-20.0,-20.581649280402793,0.9464302333577789,0.024432358551754074,30.0,1548.776457085059,1550.7369524398916,1553.9314763710493
28805,2004-11-17,FIFA World Cup qualification,Brazil,Ecuador,1-0,0.826698939640333,False,True,1967.3074029746833,1630.888938739659,336.41846423502443,-19.840774551367993,-19.951362761164525,-20.129214018926728,0.5492133012196563,0.33991467305599066,23.900436613719677,1947.4666284233153,1953.0363915000644,1963.186269261347
28884,2004-12-14,AFF Championship,Timor-Leste,Philippines,2-1,0.9356309802528436,False,True,1427.1581361753358,962.1870569340007,464.97107924133513,-22.455143526068248,-20.0,-22.57477865370493,1.0,0.3760558536695127,30.0,1404.7029926492676,1420.8597921648081,1415.6819863654937
29168,2005-05-27,Kirin Cup,Japan,United Arab Emirates,0-1,0.8917863863807192,False,True,1812.1363927515088,1510.7448173632338,301.391575388275,-21.40287327313726,-20.0,-21.38784989355075,0.7228062338383059,0.7744611482730746,30.0,1790.7335194783716,1798.043761537293,1799.8537906291317
29312,2005-07-06,Gold Cup,Colombia,Panama,0-1,0.8355847142362813,False,True,1794.8134764901554,1512.3941584975696,282.4193179925858,-20.05403314167075,-20.0,-19.43871462702798,0.3686240282132521,0.3239672437387414,19.43871462702798,1774.7594433484846,1769.9564443012284,1759.3692714024535
29359,2005-07-21,Gold Cup,Colombia,Panama,2-3,0.8106128019803852,False,True,1785.1662404958784,1532.5811046787762,252.58513581710213,-19.454707247529246,-19.456847055589066,-18.112452769142955,0.20993277791661447,0.6342582623930259,18.112452769142955,1765.711533248349,1761.10854518754,1752.8412403348766
29365,2005-07-31,EAFF Championship,Japan,North Korea,1-0,0.8193758382866732,False,True,1813.8175636222174,1551.1346400896248,262.68292353259267,-19.665020118880157,-19.797350251565117,-15.220597204021617,0.2394116646425146,0.18433965657515844,15.220597204021617,1794.1525435033373,1800.2890528055036,1807.40703384352
29486,2005-09-07,FIFA World Cup qualification,Norway,Scotland,1-2,0.8087842121706126,False,True,1791.2584728880613,1605.7349057374183,185.52356715064298,-19.4108210920947,-19.43512220763872,-14.490415643933988,0.16127797566449062,0.32746802849827655,14.490415643933988,1771.8476517959666,1776.6463512493826,1783.6666950331403
29491,2005-09-07,FIFA World Cup qualification,England,Northern Ireland,1-0,0.8704481140781886,False,True,1904.5173797699579,1508.5977201042133,395.9196596657446,-20.890754737876527,-20.0,-10.140998500533536,0.020666932321759143,0.20562401560141466,10.140998500533536,1883.6266250320814,1886.8749782102186,1891.9714505478457
29509,2005-09-24,Friendly,Zimbabwe,Malawi,2-0,0.8104678836054482,False,True,1640.6094728198623,1388.1882737797034,252.42119904015885,-29.176843809796136,-20.0,-17.475513180828315,0.3278628050151535,0.20085073255807884,17.475513180828315,1611.4326290100662,1625.596585228145,1624.087545006082
29665,2005-11-26,CECAFA Cup,Rwanda,Zanzibar,0-1,0.8181262588994792,False,True,1441.4620136260096,1245.2418808487628,196.22013277724682,-19.635030213587502,-19.86738591068626,-20.08145335557545,1.0,0.35437181419003655,30.0,1421.8269834124221,1427.3759469014137,1437.4920293672983
29733,2005-12-29,Friendly,Ecuador,Uganda,1-2,0.8092246909962124,False,True,1709.9258547718202,1458.9070708547617,251.0187839170585,-19.421392583909096,-19.202725244542613,-19.202541472997382,1.0,0.42392703546434357,30.0,1690.504462187911,1681.616190023311,1688.2854242807857
29741,2006-01-14,Friendly,Egypt,South Africa,1-2,0.8062813922419618,False,True,1786.519056353135,1603.7929371884595,182.72611916467554,-19.350753413807084,-19.01528718991254,-19.332224139154714,1.0,0.17772187520525806,30.0,1767.168302939328,1771.2351862047467,1774.2004793337126
29774,2006-01-27,Friendly,Saudi Arabia,Lebanon,1-2,0.8195323025823681,False,True,1645.2294390030352,1447.3627993540508,197.86663964898435,-19.668775261976833,-20.0,-15.139859127811484,0.28184376677673756,0.04695109064622266,15.139859127811484,1625.5606637410583,1649.616234435749,1662.6216816180486
29808,2006-02-16,Friendly,Bahrain,Palestine,0-2,0.8642394145494906,False,True,1615.6334185892283,1359.0892718970972,256.5441466921311,-31.11261892378166,-20.0,-30.0,0.8730270234585106,0.1679942361576906,30.0,1584.5207996654467,1592.6347689681124,1591.661618502613
29868,2006-03-01,Friendly,France,Slovakia,1-2,0.8934601925210608,False,True,1964.731218177685,1660.305898206274,304.425319971411,-21.44304462050546,-20.0,-10.521164143443578,0.04143367348384734,0.1908444974789053,10.521164143443578,1943.2881735571796,1949.2995736638052,1964.996389236387
29928,2006-05-02,Friendly,Poland,Lithuania,0-1,0.916695718505477,False,True,1806.391506068067,1454.768354053949,351.623152014118,-22.000697244131448,-20.0,-13.448333101236468,0.10336281178600779,0.3709532022965351,13.448333101236468,1784.3908088239355,1788.4511698747406,1787.0597361941927
30008,2006-06-01,FIFI Wild Cup,Republic of St. Pauli,Zanzibar,1-2,0.8198920408492155,False,True,1519.982850963933,1321.6933448270142,198.28950613691882,-19.677408980381173,-19.98834170689308,-20.13759666739118,1.0,0.32551864158616517,30.0,1500.3054419835519,1500.0972705581603,1500.940724723118
30034,2006-06-04,Friendly,Turkey,North Macedonia,0-1,0.8211668425256966,False,True,1782.5590287684493,1517.765684613242,264.79334415520725,-19.70800422061672,-19.939286813120464,-16.329828677651925,0.24890433160294087,0.2945155898976683,16.329828677651925,1762.8510245478326,1767.477930711346,1764.1647665583955
30063,2006-06-17,FIFA World Cup,Czech Republic,Ghana,0-2,0.8340773030533756,False,True,1942.5147703412936,1661.9945683057572,280.5202020355364,-30.026782909921522,-20.0,-29.766272560079273,1.0,0.34878437527299705,30.0,1912.487987431372,1922.152766838566,1912.105099089269
30258,2006-09-06,UEFA Euro qualification,Spain,Northern Ireland,3-2,0.8971086695873439,False,True,1947.7260893030345,1506.5395809510471,441.1865083519874,-21.530608070096253,-20.0,-21.822724977702826,0.981009307818472,0.008198576340358366,30.0,1926.1954812329384,1927.139203626832,1933.9341205589144
30341,2006-10-07,UEFA Euro qualification,France,Scotland,1-0,0.8321050593634886,False,True,2015.2298033239813,1672.1735819823664,343.0562213416149,-19.970521424723724,-20.0,-20.54376793802649,1.0,0.2853039175872307,30.0,1995.2592818992575,1999.8130948194253,2011.4551496007625
30360,2006-10-07,UEFA Euro qualification,Republic of Ireland,Cyprus,5-2,0.8154781572287323,False,True,1803.058805430948,1479.9129855466258,323.14581988432224,-34.25008260360676,-20.0,-30.0,1.0,0.23933946946118034,30.0,1768.8087228273412,1785.5019007306607,1779.4986479692773
30395,2006-10-11,UEFA Euro qualification,Hungary,Malta,2-1,0.8408793622260615,False,True,1620.0349616023038,1265.8320884575883,354.20287314471557,-20.181104693425475,-20.0,-14.837037057046608,0.1644004525266473,0.36142827455088417,14.837037057046608,1599.8538569088785,1589.8337206547676,1597.0737481138178
30439,2006-11-12,AFF Championship qualification,Timor-Leste,Brunei,2-3,0.8848061480184731,False,True,1382.6844903052595,1028.5169580287418,354.1675322765177,-21.235347552443354,-20.0,-21.306340271259558,1.0,0.5530134539445171,30.0,1361.4491427528162,1380.8597921648081,1372.2415908946512
30440,2006-11-14,AFF Championship qualification,Timor-Leste,Philippines,7-0,0.8625576597161594,False,True,1361.4491427528162,977.382104867975,384.06703788484117,-46.5781136246726,-20.0,-30.0,1.0,0.8626152048921151,30.0,1314.8710291281436,1360.8597921648081,1342.2415908946512
30482,2006-11-15,Friendly,Uruguay,Georgia,2-0,0.8088140797240917,False,True,1798.9374476336154,1483.3803288670588,315.55711876655664,-29.117306870067303,-20.0,-10.10918431164696,0.031052695771010483,0.1704899516428383,10.10918431164696,1769.8201407635481,1781.1288841093137,1798.4258515407334
30657,2007-02-07,Friendly,Gambia,Luxembourg,2-1,0.8461675078337778,False,True,1412.34558366641,1051.182276124868,361.16330754154205,-20.308020188010666,-20.0,-9.295667723497148,0.009713439089882038,0.13281814816749749,9.295667723497148,1392.0375634783993,1389.6331228327904,1402.1272581564594
30716,2007-03-24,UEFA Euro qualification,Norway,Bosnia and Herzegovina,1-2,0.8081249096042882,False,True,1745.0598911869238,1560.2759326989774,184.7839584879464,-19.394997830502916,-19.669683766345226,-19.58806436737602,0.7422009856047137,0.2703235040512023,27.975411686922747,1725.6648933564209,1727.1302095700562,1732.7873536852685
30721,2007-03-24,UEFA Euro qualification,Serbia,Kazakhstan,2-1,0.8106676430241285,False,True,1741.9333683485688,1424.286169335866,317.6471990127029,-19.456023432579084,-19.36109728660775,-19.351775829312295,0.7047448303230702,0.4031545055436039,28.13911197210252,1722.4773449159898,1712.977382216312,1721.0889205582696
30754,2007-03-25,EAFF Championship,Northern Mariana Islands,Guam,2-3,0.9380905112284451,False,True,1464.9251512461617,1057.7301411111137,407.19501013504805,-22.514172269482682,-20.0,-22.57612374222982,0.7148304780758101,0.3924626158599507,28.29563240069905,1442.410978976679,1450.097778433813,1454.4408648917627
30800,2007-04-01,EAFF Championship,Northern Mariana Islands,Guam,9-0,0.846917829343103,False,True,1442.410978976679,1080.2443133805964,362.16666559608257,-50.815069760586184,-20.0,-30.0,0.737048659395774,0.9243933005515033,30.0,1391.5959092160929,1430.097778433813,1424.4408648917627
30917,2007-06-06,UEFA Euro qualification,Poland,Armenia,1-0,0.8405225442162357,False,True,1782.6971927522743,1428.9571655981629,353.74002715411143,-20.17254106118966,-20.0,-20.472826915722358,1.0,0.12353269284583196,30.0,1762.5246516910847,1770.741925434545,1777.5218038862056
31168,2007-08-22,Friendly,Italy,Hungary,3-1,0.8406874884822024,False,True,1937.0002275572137,1583.0463476079121,353.9538799493016,-30.264749585359286,-20.0,-30.0,1.0,0.08336676515960287,30.0,1906.7354779718544,1925.9853178605072,1918.707797463794
31259,2007-09-09,African Cup of Nations qualification,Cameroon,Equatorial Guinea,1-0,0.8976176902924011,False,True,1799.3568482715807,1357.210256174434,442.1465920971466,-21.542824567017625,-20.0,-20.81583953528923,0.3979524049723141,0.40812272699421137,20.81583953528923,1777.8140237045632,1784.4259622170803,1787.4220934537789
31300,2007-09-12,UEFA Euro qualification,France,Scotland,0-1,0.8850818215126134,False,True,1998.1562527822016,1708.518377827955,289.6378749542466,-21.24196371630272,-20.0,-21.587536753707266,0.7080927929789947,0.03958968836631305,25.31094453842638,1976.9142890658989,1982.3004351054979,1990.7078472565877
31341,2007-10-13,UEFA Euro qualification,Belarus,Luxembourg,0-1,0.960508696319796,False,True,1557.7342819069906,1068.3343497341893,489.3999321728013,-23.052208711675103,-20.0,-10.963742040394198,0.0020345763228812267,0.364364026080631,10.963742040394198,1534.6820731953155,1523.659227376566,1539.1158340578131
31364,2007-10-17,Friendly,Mexico,Guatemala,2-3,0.8558761523008303,False,True,1858.4373147062995,1548.9672836886073,309.47003101769224,-20.541027655219928,-20.0,-20.642874402242704,0.6112900981168785,0.18855022273187738,24.179364136660105,1837.8962870510795,1838.0566361071017,1836.8233105489253
31422,2007-11-02,Friendly,Tibet,Bhutan,3-0,0.8671588863075359,False,True,1386.4019830403724,1060.4955146310392,325.90646840933323,-36.420673224916506,-20.0,-30.0,1.0,0.20282014108098256,30.0,1349.981309815456,1371.2824090729534,1371.2448654105049
31435,2007-11-17,UEFA Euro qualification,Croatia,North Macedonia,2-0,0.8333087692695575,False,True,1890.6512720666353,1546.0939924686934,344.55727959794194,-29.99911569370407,-20.0,-29.88600283539049,1.0,0.16665141243691195,30.0,1860.6521563729314,1861.6085214717612,1853.265630340924
31508,2007-11-21,UEFA Euro qualification,Netherlands,Belarus,2-1,0.8773649743143029,False,True,1956.2441891587757,1549.4178826107973,406.82630654797845,-21.05675938354327,-20.0,-21.14039112326458,0.7667467865023265,0.004340094740841627,26.43664363398257,1935.1874297752324,1938.2352553603744,1944.2252376062725
31584,2008-01-16,Friendly,Bermuda,Puerto Rico,0-2,0.8309524874887831,False,True,1379.1851193617472,1167.5581563136973,211.6269630480499,-29.914289549596194,-20.0,-16.37208819833199,0.18387576654221469,0.4948837251648547,16.37208819833199,1349.270829812151,1361.265509423944,1363.3087417658267
31757,2008-03-26,Friendly,Slovakia,Iceland,1-2,0.8311360969275174,False,True,1672.4829536604784,1460.6288251503972,211.85412851008118,-19.94726632626042,-19.93289072549328,-19.843905914612648,0.6266747988845527,0.10623968133046374,23.890112623872973,1652.535687334218,1654.4077544371612,1643.1921708566772
31805,2008-04-27,Friendly,Northern Mariana Islands,Guam,2-3,0.9201526900593244,False,True,1391.5959092160929,1031.9560648984973,359.6398443175956,-22.083664561423788,-20.0,-22.539712814391535,1.0,0.8127676107980814,30.0,1369.512244654669,1410.097778433813,1401.901152077371
31830,2008-05-21,Friendly,Mozambique,Lesotho,2-3,0.8034566901804422,False,True,1453.9357341426,1274.3340517424863,179.60168240011376,-19.28296056433061,-19.365830956801272,-19.483921787112177,0.4996010187607298,0.4741998539417831,23.78402328179178,1434.6527735782695,1435.2001063727876,1438.8220227044742
31907,2008-06-01,FIFA World Cup qualification,Tunisia,Burkina Faso,1-2,0.8841654217043853,False,True,1730.4023978740056,1442.3242761080878,288.0781217659178,-21.219970120905245,-20.0,-13.832933793689186,0.04623654233841496,0.5904070971959033,13.832933793689186,1709.1824277531005,1713.6327828150195,1712.926960160317
31957,2008-06-06,Friendly,Brazil,Venezuela,0-2,0.9054794911031292,False,True,2049.296247475331,1656.7552207181664,392.54102675716445,-32.59726167971265,-20.0,-30.0,1.0,0.0771391572465,30.0,2016.6989857956182,2036.9778291392204,2025.099559704725
32034,2008-06-14,FIFA World Cup qualification,Morocco,Rwanda,3-1,0.8035242460766565,False,True,1769.1847732736978,1459.5087644534651,309.6760088202327,-28.926872858759634,-20.0,-14.197124572227915,0.2327692051627524,0.07633295604023223,14.197124572227915,1740.2579004149381,1747.6856624771626,1752.8463846590657
32050,2008-06-14,FIFA World Cup qualification,Egypt,Malawi,1-0,0.8595687519921622,False,True,1811.870459394397,1432.1437139059465,379.72674548845043,-20.629650047811893,-20.0,-17.259959027114732,0.3771247333036242,0.026120678478468676,17.259959027114732,1791.240809346585,1791.4402069800988,1796.7874971098777
32057,2008-06-15,FIFA World Cup qualification,Trinidad and Tobago,Bermuda,1-2,0.8178581843557874,False,True,1577.1260253588016,1381.2186883148659,195.90733704393574,-19.628596424538898,-19.40171278976267,-10.464121028145298,0.09283273423591577,0.029516925810414874,10.464121028145298,1557.4974289342626,1554.0498425571982,1564.719615600719
32120,2008-06-22,FIFA World Cup qualification,Australia,China,0-1,0.8267680004506233,False,True,1809.206869645744,1602.7046532965135,206.5022163492306,-19.84243201081496,-20.0,-15.4078652577332,0.21205610259773816,0.2898148494234355,15.4078652577332,1789.3644376349291,1802.352989163217,1805.7537833938754
32211,2008-08-20,Friendly,Wales,Georgia,1-2,0.8122709161576266,False,True,1678.247190792692,1488.7794537393254,189.4677370533666,-19.49450198778304,-19.48878500674087,-19.58727400410531,0.5083139966628053,0.11017323080761254,21.080921766368228,1658.752688804909,1645.457394983189,1654.5470974679436
32225,2008-08-20,Friendly,Egypt,Sudan,4-0,0.8285121905202486,False,True,1794.4546337697213,1455.8283737565994,338.62626001312196,-37.283048573411186,-20.0,-27.06438094254908,0.7663405134281336,0.08402607753423397,27.06438094254908,1757.1715851963102,1774.5596947251809,1772.849283073198
32284,2008-09-06,FIFA World Cup qualification,Romania,Lithuania,0-3,0.9013541771967866,False,True,1858.9169946443149,1539.5902841863365,319.3267104579784,-37.856875442265036,-20.0,-14.480864134818475,0.24629092744406475,0.07123523452011504,14.480864134818475,1821.06011920205,1834.5375158301638,1840.376418558166
32291,2008-09-06,Friendly,Netherlands,Australia,1-2,0.8202379624771358,False,True,1982.6119719014105,1783.9152184701106,198.69675343129984,-19.685711099451257,-19.626266787947163,-19.307212401784486,0.5134082397991543,0.15545030261167259,21.565400176073084,1962.9262608019592,1972.762432398532,1961.126575413307
32315,2008-09-06,FIFA World Cup qualification,France,Austria,3-1,0.8160575814788222,False,True,1930.4940596520448,1606.6784950532995,323.81556459874537,-29.3780729332376,-20.0,-21.662043897742546,0.4575774394610049,0.33502316883480354,21.662043897742546,1901.1159867188073,1914.6551677539983,1920.7050777604609
32360,2008-09-10,FIFA World Cup qualification,Switzerland,Luxembourg,1-2,0.9859059440957579,False,True,1764.510786333285,1091.5909882474123,672.9197980858728,-23.66174265829819,-20.0,-23.67567728790069,0.9999332869654036,2.309226840291334e-05,30.0,1740.849043674987,1738.6683010873378,1743.7899535840081
32504,2008-10-15,Friendly,Bahrain,Azerbaijan,1-2,0.8526823007413176,False,True,1635.13746441129,1395.1245361159736,240.01292829531644,-20.46437521779162,-20.0,-13.138671959112262,0.1941936167001842,0.05975314478848004,13.138671959112262,1614.6730891934983,1619.9580678768343,1633.187211915972
32670,2009-01-03,CECAFA Cup,Tanzania,Somalia,1-0,0.88764692580445,False,True,1484.2942756674236,1125.2321583601295,359.0621173072941,-21.3035262193068,-20.0,-21.219889843653057,1.0,0.4011134953750978,30.0,1462.9907494481167,1462.3820516202159,1465.6414388690407
32742,2009-01-29,UNCAF Cup,Guatemala,Nicaragua,2-0,0.8806780535259332,False,True,1563.1652590811766,1215.9265212541093,347.2387378270673,-31.704409926933597,-20.0,-18.868898976525557,0.2862863292413649,0.4997533843416,18.868898976525557,1531.460849154243,1536.3291200348676,1540.3257551979104
32744,2009-01-30,UNCAF Cup,Honduras,Panama,0-1,0.8267763517949696,False,True,1774.1229530936585,1567.6106070302492,206.51234606340927,-19.842632443079268,-19.96037609767769,-19.942221459598873,1.0,0.13272482842985522,30.0,1754.2803206505791,1754.985647688649,1751.0178763476247
32799,2009-02-11,Friendly,Germany,Norway,0-1,0.8613933461010969,False,True,1943.255243705053,1690.8882703671616,252.36697333789152,-20.673440306426325,-20.0,-20.858768340369814,0.34466576639239854,0.6217871840480942,21.246275865802318,1922.5818033986268,1932.1722243641696,1944.9618887110132
32803,2009-03-05,AFC Asian Cup qualification,Australia,Kuwait,0-1,0.8847257150477998,False,True,1820.411972140771,1531.381486740313,289.030485400458,-21.233417161147194,-20.0,-9.1225735893503,0.02043098103900911,0.07902875555176014,9.1225735893503,1799.1785549796239,1811.626910099632,1826.4902577469297
32806,2009-03-11,EAFF Championship,Northern Mariana Islands,Macau,6-1,0.8688754771371754,False,True,1369.512244654669,1041.0027970074175,328.5094476472516,-41.70602290258442,-20.0,-30.0,1.0,0.9225241739689489,30.0,1327.8062217520846,1390.097778433813,1371.901152077371
32821,2009-03-22,Friendly,Iceland,Faroe Islands,1-2,0.870539163380882,False,True,1495.0631474978684,1229.003185710202,266.05996178766645,-20.892939921141167,-20.0,-20.729410144705938,1.0,0.1603235149737526,30.0,1474.1702075767273,1475.1573350249396,1456.7602755466005
32837,2009-03-28,FIFA World Cup qualification,Cameroon,Togo,1-0,0.8093509471397413,False,True,1790.9084003112303,1539.7475094177898,251.1608908934404,-19.424422731353793,-19.537109237141227,-17.67808188531469,0.3051855100813377,0.2942037054203228,17.67808188531469,1771.4839775798764,1775.3746347941667,1780.8541366887382
32895,2009-04-01,FIFA World Cup qualification,Argentina,Bolivia,6-1,0.8781848743648041,False,True,1978.3042077521,1570.150313674456,408.15389407764405,-42.152873969510594,-20.0,-30.0,1.0,0.10128707134148851,30.0,1936.1513337825893,1962.2207274756533,1954.2590961082471
32902,2009-04-01,FIFA World Cup qualification,Czech Republic,Slovakia,1-2,0.8550962334965503,False,True,1853.2760114814544,1609.9018838107943,243.37412767066007,-20.522309603917208,-20.0,-20.616664724012196,0.8746204456267689,0.26964825734809383,30.0,1832.7537018775372,1839.7187742727733,1826.2999978762568
33262,2009-09-05,FIFA World Cup qualification,Israel,Latvia,0-1,0.8156060915502219,False,True,1706.8987381923816,1513.6051818147243,193.2935563776573,-19.574546197205326,-19.798892063190436,-19.993264661529885,1.0,0.0887299978666477,30.0,1687.3241919951763,1680.287686723523,1681.479554217231
33323,2009-09-09,FIFA World Cup qualification,Lithuania,Faroe Islands,2-1,0.8223408307061405,False,True,1574.4040333094672,1243.21834242397,331.18569088549725,-19.736179936947373,-19.257579276235088,-19.2610249549454,0.4975890728904526,0.10763671381477581,20.803231459889073,1554.6678533725199,1524.795407315817,1524.5082390015289
33383,2009-10-11,FIFA World Cup qualification,Brazil,Bolivia,2-1,0.9293580251670084,False,True,2084.708355274013,1572.0602665409717,512.648088733041,-22.3045926040082,-20.0,-22.48424914390032,1.0,0.12003871092934315,30.0,2062.4037626700047,2082.0980264485147,2063.4492234932295
33421,2009-10-14,FIFA World Cup qualification,Denmark,Hungary,0-1,0.8257388764963118,False,True,1812.3361132514488,1607.0792243210285,205.25688893042025,-19.817733035911484,-20.0,-12.767073535409343,0.09030710931343035,0.3249628639858768,12.767073535409343,1792.5183802155373,1804.0726765741442,1808.7282223533614
33536,2009-11-18,Friendly,Czech Republic,Azerbaijan,2-0,0.9136057364690735,False,True,1827.449259493011,1417.7396951007981,409.70956439221277,-32.88980651288664,-20.0,-20.87693995084074,0.4384841790053608,0.29416495683901,20.87693995084074,1794.5594529801242,1813.8571209116997,1800.5356370523168
33613,2010-01-09,Friendly,Tunisia,Gambia,1-2,0.8622856475959331,False,True,1710.893525866363,1457.2247445464184,253.66878131994463,-20.694855542302392,-20.0,-20.612427740581165,0.8010017090396159,0.6732367256764442,30.0,1690.1986703240607,1693.78250990796,1693.9128603051477
33637,2010-01-20,AFC Asian Cup qualification,Bahrain,Yemen,3-0,0.8143221083643801,False,True,1707.076507476244,1385.2620955919588,321.81441188428516,-34.201528551303966,-20.0,-19.351098630917093,0.4400057488812108,0.09887008222100391,19.351098630917093,1672.87497892494,1690.0923918836977,1696.2882090178985
33736,2010-03-11,Friendly,Padania,Provence,1-3,0.8180813490282878,False,True,1632.3808201402258,1436.2131142516773,196.16770588854843,-29.45092856501836,-20.0,-29.0427100717214,1.0,0.27708971922245806,30.0,1602.9298915752074,1606.122638730203,1591.6979244262614
33881,2010-06-16,FIFA World Cup,Spain,Switzerland,0-1,0.8880403890387892,False,True,2093.9610714530363,1734.212536370274,359.7485350827624,-21.31296933693094,-20.0,-21.326304215831243,1.0,0.07931111459787843,30.0,2072.6481021161053,2082.791970354026,2074.7003209063746
33931,2010-07-01,African Cup of Nations qualification,Tunisia,Botswana,0-1,0.8654782401727167,False,True,1705.3091431318885,1446.923697865479,258.38544526640953,-20.7714777641452,-20.0,-20.829414217272113,1.0,0.2176773419757755,30.0,1684.5376653677433,1687.7836492681984,1687.2542651158822
34032,2010-09-03,UEFA Euro qualification,France,Belarus,0-1,0.8068509771838629,False,True,1814.1519725717853,1630.7916469632082,183.3603256085771,-19.36442345241271,-19.677845981901715,-19.807190356363343,1.0,0.5062884012082534,30.0,1794.7875491193727,1800.862248202335,1807.9735462320905
34037,2010-09-04,Friendly,Mexico,Ecuador,1-2,0.8035706083477067,False,True,1874.4170306368328,1694.6900018969602,179.7270287398726,-19.28569460034496,-19.251444345988187,-19.24429539836801,0.5859006785673548,0.2223672440586258,23.840554238085524,1855.131336036488,1848.2554050743374,1855.795614467102
34097,2010-09-07,UEFA Euro qualification,Czech Republic,Lithuania,0-1,0.8594905144413754,False,True,1796.8091683945538,1547.1949906568336,249.61417773772018,-20.62777234659301,-20.0,-14.131970734817624,0.2195591898809681,0.1078187722092987,14.131970734817624,1776.1813960479608,1791.027411478469,1788.0485351902855
34134,2010-09-26,Friendly,Barbados,Dominica,1-3,0.8359017794242335,False,True,1460.6478197572726,1242.8272685589632,217.82055119830943,-30.092464059272405,-20.0,-18.271308891239215,0.30112950844409736,0.3805250860726098,18.271308891239215,1430.555355698,1439.720934326596,1440.8823596764944
34165,2010-10-08,UEFA Euro qualification,Serbia,Estonia,1-3,0.9021713139295895,False,True,1804.46651005242,1483.5373927479768,320.92911730444325,-32.47816730146522,-20.0,-30.0,0.8976439370609525,0.2459716694648041,30.0,1771.9883427509549,1775.9810888954773,1774.5626519542311
34216,2010-10-10,African Cup of Nations qualification,Egypt,Niger,1-0,0.8908042525074362,False,True,1812.9186052915668,1383.2879828856942,429.6306224058726,-21.379302060178468,-20.0,-21.705935417126547,0.7508251946649419,0.4414155664377001,29.551129203460206,1791.5393032313884,1803.6769749797422,1807.833724283167
34247,2010-10-12,UEFA Euro qualification,Turkey,Azerbaijan,1-0,0.84047169079445,False,True,1818.919889994755,1465.245758942182,353.6741310525731,-20.1713205790668,-20.0,-13.839537699765774,0.17361735645281673,0.2090901431122716,13.839537699765774,1798.7485694156883,1798.0460192727928,1808.9264611434012
34329,2010-11-17,Friendly,Russia,Belgium,0-2,0.807649651021576,False,True,1811.4335049671963,1627.1814924967227,184.25201247047357,-29.075387436776737,-20.0,-11.83959326914406,0.06294128549641057,0.2911253021537759,11.83959326914406,1782.3581175304196,1784.9665257907318,1800.1357828264188
34332,2010-11-17,Friendly,Slovenia,Georgia,1-2,0.8386079085087605,False,True,1692.3950107421851,1471.1243291305273,221.2706816116579,-20.126589804210255,-19.967881366609877,-20.268995924949664,1.0,0.2981656515323908,30.0,1672.268420937975,1657.8266730160367,1672.0341692431966
34416,2010-12-05,AFF Championship,Vietnam,Philippines,0-2,0.8798801629304849,False,True,1442.9250725125291,1162.0015556699543,280.9235168425748,-31.675685865497456,-20.0,-14.834607480281,0.19123864857196815,0.28060998931922077,14.834607480281,1411.2493866470318,1421.4060345879468,1433.0195212274741
34553,2011-02-09,Friendly,Slovakia,Luxembourg,2-1,0.9291525130292917,False,True,1658.4967754365916,1146.391753101795,512.1050223347966,-22.299660312703,-20.0,-22.31387439284479,0.9268164570495923,0.6200032495002803,30.0,1636.1971151238886,1645.8589004342457,1628.7675568608563
34611,2011-03-25,Friendly,Uruguay,Estonia,2-0,0.8681566495752768,False,True,1871.9274025617162,1479.5114564886371,392.4159460730791,-31.253639384709967,-20.0,-11.505205843358311,0.01134727810561356,0.4041088961029482,11.505205843358311,1840.6737631770063,1854.1638107878484,1857.5819565896268
34648,2011-03-26,UEFA Euro qualification,Croatia,Georgia,1-0,0.8710946819069507,False,True,1898.8567542563928,1501.9389432736095,396.9178109827833,-20.906272365766817,-20.0,-21.078132913220735,1.0,0.2611260154081593,30.0,1877.950481890626,1881.1447832071872,1881.1893593912916
34743,2011-06-02,Friendly,Brittany,Equatorial Guinea,0-1,0.8000983354695693,False,True,1512.0156696132194,1336.0848870100394,175.93078260317998,-19.202360051269665,-19.392193180827974,-18.365675369550793,0.30150621871066235,0.39119076506186223,18.365675369550793,1492.8133095619498,1501.1533764557678,1495.474057503058
34744,2011-06-03,UEFA Euro qualification,Lithuania,Liechtenstein,2-0,0.8480492033446451,False,True,1574.8563763492405,1211.1691486893621,363.6872276598783,-30.52977132040722,-20.0,-15.76511993351178,0.3025256708373857,0.06306297917681564,15.76511993351178,1544.3266050288332,1527.5553625710302,1528.913773789544
34819,2011-06-07,Friendly,Gabon,Gambia,0-1,0.8301530550084806,False,True,1647.7777713771438,1437.1375990670558,210.64017231008802,-19.923673320203534,-19.84945224958235,-19.565445327929286,0.38878877941162027,0.3141564441041154,19.844182258711808,1627.8540980569403,1623.8672163990964,1626.00566043769
34951,2011-07-17,Friendly,Qatar,India,1-2,0.8501667651803048,False,True,1605.0505659714527,1368.4921789051796,236.5583870662731,-20.404002364327315,-20.0,-16.850431813705416,0.32435961507059546,0.13322513150139076,16.850431813705416,1584.6465636071252,1581.694155874146,1599.557330849054
35048,2011-08-11,Indian Ocean Island Games,Réunion,Seychelles,2-1,0.8032839459765878,False,True,1586.9791877656032,1277.567474459297,309.4117133063062,-19.27881470343811,-19.32656541332391,-14.350690236429244,0.017719330364616166,0.7406782884598071,14.350690236429244,1567.7003730621652,1556.2321546574144,1578.0529658310186
35103,2011-09-02,UEFA Euro qualification,Slovenia,Estonia,1-2,0.8235156657115753,False,True,1673.346333195415,1470.7600515693987,202.58628162601622,-19.76437597707781,-20.0,-15.145792762996818,0.2707102101267739,0.08109346499428072,15.145792762996818,1653.581957218337,1640.076251654291,1657.7881532702295
35145,2011-09-03,African Cup of Nations qualification,Egypt,Sierra Leone,2-1,0.864100144152797,False,True,1796.0999210918446,1409.7618884831575,386.3380326086872,-20.73840345966713,-20.0,-20.952671694185675,0.6253763706873884,0.21122452234866496,24.69882907528664,1775.3615176321775,1785.9165259150382,1789.6069536045195
35163,2011-09-04,African Cup of Nations qualification,South Africa,Niger,2-1,0.8129217887297003,False,True,1732.040387202681,1411.8301650809783,320.2102221217026,-19.510122929512807,-19.67850596407584,-19.790513522289572,1.0,0.22734864237232633,30.0,1712.530264273168,1713.3959457391582,1709.6572857930794
35180,2011-09-06,UEFA Euro qualification,Albania,Luxembourg,2-1,0.8592991271313666,False,True,1539.7854708503917,1160.4464392679024,379.33903158248927,-20.623179051152796,-20.0,-19.52325735331253,0.4280488546541358,0.15626060520165913,19.52325735331253,1519.1622917992388,1506.230038881466,1514.8273800008647
35204,2011-09-06,UEFA Euro qualification,Slovakia,Armenia,0-4,0.8257148613598233,False,True,1648.1398055356306,1442.9119075595427,205.2278979760879,-37.15716876119205,-20.0,-30.0,1.0,0.2770952724119671,30.0,1610.9826367744386,1636.6665228081922,1611.6729358292353
35393,2011-11-11,FIFA World Cup qualification,Kuwait,Lebanon,0-1,0.8946316141083994,False,True,1662.8629178540928,1356.2893523533214,306.57356550077134,-21.471158738601588,-20.0,-21.36927033458697,0.7748187550337734,0.6610834054801178,30.0,1641.3917591154911,1644.8190448105943,1646.8853120618812
35476,2011-11-15,FIFA World Cup qualification,South Korea,Lebanon,2-1,0.9067525367099497,False,True,1837.9012123558402,1377.760511091923,460.1407012639172,-21.762060881038792,-20.0,-14.366670327921716,0.19612071602694464,0.2074716429093806,14.366670327921716,1816.1391514748016,1826.550214640434,1835.6002482716285
35529,2011-12-01,CECAFA Cup,Uganda,Burundi,1-0,0.8287624277430768,False,True,1631.3985249659308,1357.4661281641809,273.93239680175,-19.890298265833845,-19.884697629607867,-13.01912097183067,0.19410482909524943,0.04507563419308541,13.01912097183067,1611.508226700097,1611.7470738694713,1622.4985275929432
35550,2011-12-06,Friendly,Bahrain,Palestine,0-1,0.850758979507336,False,True,1608.731210422427,1371.3638777796625,237.3673326427645,-20.418215508176065,-20.0,-20.774084230224936,1.0,0.050610281940624446,30.0,1588.312994914251,1605.8049765755854,1602.3319627228232
35703,2012-02-29,Friendly,North Macedonia,Luxembourg,2-1,0.8550357441422113,False,True,1551.2015415822104,1177.9122056057413,373.28933597646915,-20.52085785941307,-20.0,-20.54124838277154,1.0,0.14774618767705128,30.0,1530.6806837227973,1525.1215380956858,1523.5261370920493
35706,2012-02-29,FIFA World Cup qualification,Japan,Uzbekistan,0-1,0.838961551113598,False,True,1841.8304182023855,1620.1054265454773,221.7249916569083,-20.135077226726352,-20.0,-19.93234641605243,0.5506937547022565,0.071300240048087,21.78705203323885,1821.6953409756593,1829.2231766270481,1819.368951057858
35786,2012-05-26,Friendly,Netherlands,Bulgaria,1-2,0.9314561023120396,False,True,2021.8518889621826,1633.574450679774,388.27743828240864,-22.35494645548895,-20.0,-17.619100322727412,0.24025315461194102,0.4816280765051037,17.619100322727412,1999.4969425066936,2006.7273836319926,2005.9616379381996
35811,2012-05-27,Friendly,Iran,Albania,1-0,0.8423892237487601,False,True,1803.2191927893239,1512.0484349829107,291.1707578064131,-20.217341369970242,-20.0,-20.474633825419744,0.5093046091856547,0.07881156230642117,20.85380311890708,1783.0018514193537,1785.8773830429302,1793.7919210019115
35992,2012-06-15,African Cup of Nations qualification,Egypt,Central African Republic,2-3,0.9553784517469458,False,True,1824.3250083460016,1357.0726857163904,467.25232262961117,-22.9290828419267,-20.0,-23.073559925490457,1.0,0.3178457647637314,30.0,1801.395925504075,1811.5312152984961,1811.2465658961032
36050,2012-07-20,EAFF Championship,Northern Mariana Islands,Macau,1-5,0.8129506404600723,False,True,1250.3262862630502,995.083105448513,255.24318081453714,-36.582778820703254,-20.0,-30.0,1.0,0.6720133689971718,30.0,1213.743507442347,1300.8718875995773,1259.197659106718
36103,2012-08-15,Friendly,Denmark,Slovakia,1-3,0.8213050464386222,False,True,1811.803754900625,1611.8468735628198,199.95688133780527,-29.5669816717904,-20.0,-10.098567902725204,0.0027733233924677417,0.2540010176632471,10.098567902725204,1782.2367732288346,1799.473993838752,1803.3952533523832
36113,2012-08-27,Nehru Cup,Syria,Maldives,2-1,0.8280470120206973,False,True,1553.5560670395887,1280.4979600263243,273.05810701326436,-19.873128288496737,-20.0,-14.810064842584069,0.21348629482565568,0.21079922084604164,14.810064842584069,1533.682938751092,1550.2438409755591,1564.826459787137
36220,2012-09-11,FIFA World Cup qualification,Iran,Lebanon,1-0,0.8743135518013847,False,True,1778.2906718075008,1376.3391692500247,401.95150255747603,-20.98352524323323,-20.0,-20.90927852967736,1.0,0.14999762555081325,30.0,1757.3071465642674,1760.6098237801923,1767.1847628449048
36244,2012-09-11,Friendly,Ghana,Liberia,2-0,0.8281758011453813,False,True,1746.5873713326694,1408.3720877929973,338.2152835396721,-29.814328841233724,-20.0,-19.091167272489802,0.41709611801076857,0.1351075550289198,19.091167272489802,1716.7730424914357,1730.0901316258053,1734.9987752529016
36386,2012-10-16,FIFA World Cup qualification,Uruguay,Bolivia,4-1,0.8006284079362054,False,True,1883.7767636960173,1577.2696761758843,306.5070875201329,-33.626393133320626,-20.0,-30.0,1.0,0.27902193228700034,30.0,1850.1503705626967,1875.9255396553842,1870.9173900706703
36409,2012-10-23,CFU Caribbean Cup qualification,Guadeloupe,Dominican Republic,0-2,0.8387505339317913,False,True,1614.8656391464335,1393.4118293970732,221.4538097493603,-30.195019221544488,-20.0,-11.557787029432916,0.06926182905145063,0.23693789152476274,11.557787029432916,1584.670619924889,1589.0871346036572,1603.6310047634001
36545,2012-12-08,CFU Caribbean Cup,Jamaica,French Guiana,1-2,0.806529622268601,False,True,1689.3573723799077,1441.3550350847784,248.00233729512934,-19.356710934446426,-19.92735978645737,-19.62537872152889,0.7173375200038837,0.12593046850161183,26.223544228106107,1670.0006614454612,1669.3659136169815,1669.7146084945812
36745,2013-02-27,Friendly,Gambia,Mauritania,0-2,0.8036957928287946,False,True,1435.1868502282148,1255.322015250668,179.8648349775467,-28.933048541836605,-20.0,-20.806595939227954,0.44783069277330834,0.2573324140835689,20.806595939227954,1406.2538016863782,1414.1085490272264,1424.0009194555314
36789,2013-03-22,FIFA World Cup qualification,Norway,Albania,0-1,0.8413429559113398,False,True,1747.9810196970695,1523.175538010443,224.80548168662654,-20.192230941872154,-20.0,-15.709505679671622,0.16069800662257433,0.4815941900912296,15.709505679671622,1727.7887887551974,1739.3014441034134,1740.826817103832
36892,2013-04-21,Windward Islands Tournament,Saint Vincent and the Grenadines,Saint Lucia,0-2,0.8009065114738646,False,True,1414.4022507644702,1237.59234350291,176.80990726156028,-28.832634413059125,-20.0,-19.482428243421513,0.3696355935986654,0.32639674963169296,19.482428243421513,1385.569616351411,1398.255158978496,1382.667728242826
36904,2013-05-27,Friendly,Iraq,Liberia,0-1,0.8344632514511791,False,True,1673.7021387182435,1457.6970206592694,216.00511805897418,-20.027118034828298,-20.0,-12.552161174780874,0.09966411775315982,0.2700277935881298,12.552161174780874,1653.6750206834151,1658.0413087597847,1665.0483578787428
36914,2013-05-30,Kirin Challenge Cup,Japan,Bulgaria,0-2,0.8072105219582819,False,True,1847.3597778543954,1663.5983831544384,183.761394699957,-29.05957879049815,-20.0,-23.77879570321081,0.4178313442724532,0.7188554300839918,23.77879570321081,1818.3001990638973,1833.9780179439322,1819.1895610645015
36966,2013-06-07,FIFA World Cup qualification,Armenia,Malta,0-1,0.8306504128921851,False,True,1502.7860833929328,1291.5324261307533,211.25365726217956,-19.93560990941244,-19.69610384558526,-13.294730988774555,0.1551466053889293,0.19640155743003146,13.294730988774555,1482.8504734835203,1453.7770147907984,1454.6558445406718
36972,2013-06-07,FIFA World Cup qualification,Croatia,Scotland,0-1,0.8527632767198066,False,True,1888.5132895045083,1648.3883511323966,240.12493837211173,-20.466318641275357,-20.0,-20.78853536221328,1.0,0.2124216127359341,30.0,1868.046970863233,1878.626247462824,1883.0698367665318
37015,2013-06-11,FIFA World Cup qualification,Denmark,Armenia,0-4,0.8812276725847419,False,True,1765.9996173738546,1482.8504734835203,283.14914389033424,-39.655245266313386,-20.0,-20.883012014249907,0.4939028879086196,0.12866783805537962,20.883012014249907,1726.3443721075412,1761.5928391109799,1761.8959113487092
37027,2013-06-15,Friendly,China,Thailand,1-5,0.8037854346887149,False,True,1675.6212795087838,1495.657723696908,179.96355581187572,-36.17034456099217,-20.0,-18.937129203245153,0.38741893173080194,0.20488435521323822,18.937129203245153,1639.4509349477917,1656.064568420604,1662.7830767169423
37146,2013-08-14,FIFA World Cup qualification,Russia,Northern Ireland,1-0,0.8764148672624205,False,True,1856.495107852233,1451.1977047189891,405.29740313324396,-21.03395681429809,-20.0,-13.849608140415194,0.10825899384221738,0.4064240360252471,13.849608140415194,1835.461151037935,1832.598880390344,1845.457886122533
37217,2013-09-06,FIFA World Cup qualification,Mexico,Honduras,1-2,0.8224341761374245,False,True,1874.7649328683399,1673.46822552758,201.2967073407599,-19.73842022729819,-19.576290468476508,-12.174127501430505,0.01096698032799108,0.4888649966948396,12.174127501430505,1855.0265126410418,1850.6795487255206,1861.310362578603
37239,2013-09-06,FIFA World Cup qualification,Czech Republic,Armenia,1-2,0.8708595524146124,False,True,1776.2610454278447,1509.7067123593772,266.5543330684675,-20.900629257950698,-20.0,-21.446007005448408,0.7343354708561413,0.039198677394159887,25.937640719700667,1755.360416169894,1767.4472330301353,1756.7843530660243
37288,2013-09-10,Friendly,South Africa,Zimbabwe,1-2,0.8238407284393626,False,True,1669.464997277426,1466.4898961919464,202.97510108547954,-19.772177482544702,-19.709370519741718,-11.430768321042393,0.08534044057616355,0.17282471840180857,11.430768321042393,1649.6928197948812,1649.5894575166706,1658.5109769105152
37307,2013-09-10,Friendly,Canada,Mauritania,0-1,0.8398452237246256,False,True,1580.8971196902887,1293.0333750566035,287.8637446336852,-20.156285369391014,-20.0,-20.473508549710104,0.4926773993002134,0.353062856237921,22.648760433108492,1560.7408343208976,1562.9059918852665,1567.4883574982125
37337,2013-10-11,Philippine Peace Cup,Philippines,Taiwan,1-2,0.8396111867864529,False,True,1399.8210591885675,1177.2594021797709,222.5616570087966,-20.15066848287487,-19.959591439547797,-19.725533506074235,0.49184191297536245,0.3678091148872681,22.746678830506845,1379.6703907056926,1362.2905632962786,1361.9573736657228
37377,2013-10-15,FIFA World Cup qualification,Montenegro,Moldova,2-5,0.8455321276486937,False,True,1639.4202441872674,1409.1034643778066,230.31677980946074,-35.512349361245136,-20.0,-19.322749904842386,0.43878159331571853,0.09899895815814241,19.322749904842386,1603.9078948260221,1614.866602800587,1620.1211074901994
37488,2013-11-19,Friendly,Spain,South Africa,1-0,0.9004607937925321,False,True,2102.3438265206396,1654.755572420624,447.58825410001555,-21.61105905102077,-20.0,-21.659662697617623,1.0,0.02060479525290176,30.0,2080.732767469619,2094.772979776003,2093.582143928675
37584,2014-03-01,Friendly,Gibraltar,Faroe Islands,1-4,0.943600600316172,False,True,1649.6755417285212,1225.2700508722978,424.4054908562234,-39.63122521327922,-20.0,-22.82975991387362,0.6068853822307121,0.03306384254206629,22.82975991387362,1610.044316515242,1625.321195135785,1632.6075345824386
37640,2014-03-05,Friendly,Iran,Guinea,1-2,0.8061205967016504,False,True,1790.049253148734,1607.5019158429923,182.54733730574162,-19.34689432083961,-19.255106703123964,-19.16943763601506,1.0,0.2054746998112995,30.0,1770.7023588278944,1773.037576672296,1782.4042308584435
37982,2014-09-03,Philippine Peace Cup,Palestine,Myanmar,4-1,0.8297725217756505,False,True,1526.930870168244,1251.7591168008441,275.1717533673998,-34.85044591457732,-20.0,-19.99177208339521,0.39928442680298976,0.30111823001543214,19.99177208339521,1492.0804242536667,1503.3368655041506,1500.1587026283926
38022,2014-09-06,African Cup of Nations qualification,Nigeria,Congo,2-3,0.8808186345318073,False,True,1773.0323481111955,1490.5610932687598,282.47125484243566,-21.139647228763376,-20.0,-11.41625730684238,0.04810202366522778,0.2827260923596142,11.41625730684238,1751.892700882432,1751.835890460548,1764.4167494250498
38039,2014-09-07,UEFA Euro qualification,Portugal,Albania,0-1,0.9213183981433702,False,True,1907.9028577876993,1545.488237460624,362.4146203270752,-22.111641555440887,-20.0,-11.158980880840083,0.021343882900752866,0.330840961402752,11.158980880840083,1885.7912162322584,1888.3427072773268,1894.472196918299
38043,2014-09-07,UEFA Euro qualification,Hungary,Northern Ireland,1-2,0.8502797862610721,False,True,1678.7290874287035,1442.0165209244963,236.7125665042072,-20.40671487026573,-20.0,-20.38115968594515,1.0,0.12310317403696669,30.0,1658.3223725584378,1655.6169440118053,1655.8146952301324
38080,2014-09-09,UEFA Euro qualification,Bosnia and Herzegovina,Cyprus,1-2,0.9144948038124755,False,True,1767.6188667210859,1420.943372980124,346.6754937409619,-21.94787529149941,-20.0,-10.551561030513534,0.09819147775462281,0.02437069555032334,10.551561030513534,1745.6709914295864,1742.9598920628277,1747.3725181620148
38110,2014-10-09,UEFA Euro qualification,Spain,Slovakia,2-1,0.8252896858242439,False,True,2027.9627068138739,1693.2475576967995,334.71514911707436,-19.806952459781854,-20.0,-19.93638930013968,0.48415036287346697,0.0395975738970592,19.93638930013968,2008.155754354092,2035.1455653793992,2019.4988479675676
38148,2014-10-11,African Cup of Nations qualification,Nigeria,Sudan,1-0,0.8226999502995211,False,True,1752.0019431609267,1420.3888976696685,331.61304549125816,-19.74479880718851,-19.694987296122548,-19.85062569194893,1.0,0.0008770532739272863,30.0,1732.257144353738,1732.222582955258,1744.5435125333538
38151,2014-10-11,UEFA Euro qualification,Germany,Poland,2-0,0.833937688174154,False,True,2061.7854690173544,1716.4404603240507,345.3450086933037,-30.021756774269544,-20.0,-10.508470937415746,0.0769768433516315,0.08262833712207374,10.508470937415746,2031.763712243085,2036.709490082816,2050.534264724922
38179,2014-10-12,CFU Caribbean Cup qualification,Guadeloupe,Curaçao,0-1,0.89074115808132,False,True,1592.7107067582062,1293.192735917329,299.5179708408773,-21.377787793951683,-20.0,-16.540840218640398,0.29409077439100534,0.18533270415703362,16.540840218640398,1571.3329189642545,1575.2652623934337,1592.4347738531656
38193,2014-10-13,UEFA Euro qualification,Netherlands,Iceland,2-0,0.8763423145572046,False,True,1995.1355882352364,1589.9545206592995,405.1810675759368,-31.548323324059364,-20.0,-30.0,0.956839717808055,0.028116208095506412,30.0,1963.587264911177,1968.7782006960413,1943.1931142764154
38203,2014-10-14,UEFA Euro qualification,Serbia,Albania,0-3,0.8297328958926359,False,True,1781.30063106911,1571.1776074724255,210.12302359668456,-34.84878162749071,-20.0,-22.332322152404792,0.5040618350556175,0.2793547638837466,22.332322152404792,1746.4518494416193,1759.0777419686706,1758.418691280705
38219,2014-10-14,UEFA Euro qualification,Greece,Northern Ireland,0-2,0.8999968436539234,False,True,1785.4967605604984,1468.8058490712344,316.69091148926395,-32.39988637154124,-20.0,-30.0,1.0,0.026142794059871133,30.0,1753.0968741889571,1768.1847007901492,1747.2743124113733
38227,2014-10-15,African Cup of Nations qualification,Ivory Coast,DR Congo,3-4,0.8804394670961015,False,True,1808.5526594897622,1526.707995428666,281.8446640610962,-21.13054721030644,-20.0,-16.703270890250707,0.288656846035885,0.2219383231736835,16.703270890250707,1787.4221122794556,1796.2516892516328,1801.4635592019429
38228,2014-10-15,African Cup of Nations qualification,Mali,Ethiopia,2-3,0.8005257508814663,False,True,1619.5552378836053,1443.159850804059,176.39538707954625,-19.21261802115519,-19.01620640836666,-18.66371450016246,0.3302266817876503,0.3422842671573563,18.66371450016246,1600.3426198624502,1590.6128808245765,1601.4638263459128
38290,2014-11-14,UEFA Euro qualification,Greece,Faroe Islands,0-1,0.9630847340375889,False,True,1753.0968741889571,1251.5134753307118,501.58339885824535,-23.114033616902134,-20.0,-23.20015553343282,1.0,0.8604593289124783,30.0,1729.982840572055,1748.1847007901492,1724.0741568779406
38302,2014-11-15,UEFA Euro qualification,Moldova,Liechtenstein,0-1,0.8708998739319671,False,True,1464.0217914475743,1197.4051669181845,266.6166245293898,-20.90159697436721,-20.0,-11.725369206419344,0.010032137486443549,0.43557473834308735,11.725369206419344,1443.120194473207,1410.461044679777,1422.022803402124
38361,2014-11-18,Friendly,Mexico,Belarus,3-2,0.8057218544555461,False,True,1914.6609372462447,1602.5564595200544,312.1044777261902,-19.337324506933108,-19.413509670717225,-19.402245648114878,1.0,0.6156565848964107,30.0,1895.3236127393116,1892.8163015526172,1891.1594679028149
38515,2015-03-12,FIFA World Cup qualification,Taiwan,Brunei,0-1,0.8182398956148108,False,True,1170.1000198505774,973.7471848526242,196.3528349979532,-19.63775749475546,-19.61418891215547,-19.87459253726066,1.0,0.12739960720221433,30.0,1150.4622623558218,1143.0956242295883,1152.1183680649413
38526,2015-03-22,FIFA World Cup qualification,Barbados,United States Virgin Islands,0-1,0.8675145777839361,False,True,1378.5680543566214,1117.124579429828,261.44347492679344,-20.820349866814468,-20.0,-20.666019859553383,0.450637607258075,0.40188886153386516,22.030413466464722,1357.747704489807,1356.981401296049,1350.9661488255708
38631,2015-03-31,Friendly,Portugal,Cape Verde,0-2,0.9080617059634835,False,True,1911.3594030922745,1578.5118349226238,332.8475681696507,-32.6902214146854,-20.0,-30.0,1.0,0.2119303458229419,30.0,1878.6691816775892,1894.559817619726,1885.1137737766044
38675,2015-05-25,COSAFA Cup,Ghana,Madagascar,1-2,0.8968749330986627,False,True,1765.2469908466728,1389.499933760192,375.7470570864807,-21.524998394367906,-20.0,-21.66857918745065,1.0,0.24711173918087403,30.0,1743.721992452305,1750.019777221064,1757.9244148798102
38707,2015-06-05,Friendly,Myanmar,Cambodia,1-0,0.817823805793041,False,True,1290.7718526956728,1029.9046034771752,260.8672492184976,-19.627771339032986,-19.530297051972838,-19.446185190221268,1.0,0.24988423564344764,30.0,1271.1440813566398,1259.2322880886716,1264.2281189969335
38745,2015-06-10,Friendly,Germany,United States,1-2,0.8038667752278491,False,True,2031.876864085862,1851.8237000163158,180.05316406954626,-19.292802605468378,-19.318056368072384,-14.016696063952717,0.22884022732878367,0.06556632600773867,14.016696063952717,2012.5840614803938,2018.0962543369512,2035.7082875835695
38780,2015-06-12,African Cup of Nations qualification,Guinea,Eswatini,1-2,0.886682965047304,False,True,1633.36742706056,1275.9781620173724,357.3892650431876,-21.2803911611353,-20.0,-18.954805491249633,0.40427523328701304,0.15652498654516522,18.954805491249633,1612.0870358994248,1617.7951453166556,1624.723187624959
38796,2015-06-13,UEFA Euro qualification,Greece,Faroe Islands,2-1,0.8939781525181056,False,True,1709.1770403950904,1273.8044253254795,435.3726150696109,-21.455475660434537,-20.0,-21.69525214412982,0.952649478874713,0.03571545686378286,30.0,1687.7215647346559,1708.2125327979813,1682.6014170873548
38805,2015-06-13,Friendly,France,Albania,1-0,0.8039011510628311,False,True,1929.932428575508,1619.8413861530412,310.0910424224669,-19.293627625507945,-19.922787263215653,-19.454894675165214,0.6633592793595536,0.6481377231361979,29.10572448971887,1910.6388009500001,1913.8001698504422,1910.254340227639
38828,2015-06-14,Copa América,Colombia,Venezuela,0-1,0.8335179097603018,False,True,1982.8582428013856,1703.0392764111375,279.8189663902481,-20.004429834247244,-20.0,-20.02865737725557,1.0,0.26088887023255813,30.0,1962.8538129671383,1961.580854655649,1957.0239154249023
38950,2015-07-22,Gold Cup,United States,Jamaica,1-2,0.8592956969339651,False,True,1874.1412712859328,1624.8071682382374,249.3341030476954,-20.623096726415163,-20.0,-15.031661750750448,0.2702300310838887,0.06826762559214006,15.031661750750448,1853.5181745595175,1858.0662953697492,1861.6596877881673
38993,2015-09-03,UEFA Euro qualification,Netherlands,Iceland,0-1,0.8911678750918212,False,True,1944.6755744685133,1644.3946088996015,300.2809655689118,-21.38802900220371,-20.0,-10.725105963715787,0.08086120465251194,0.09805463150693781,10.725105963715787,1923.2875454663097,1930.1453911128986,1916.9823045257283
39021,2015-09-04,FIFA World Cup qualification,Jamaica,Nicaragua,2-3,0.8970364876419329,False,True,1637.0747690910857,1326.0240652598336,311.0507038312521,-21.52887570340639,-20.0,-21.817371695844344,0.6995552910472383,0.21879560810908347,26.53969185000639,1615.5458933876794,1613.9357929852624,1619.009704921884
39052,2015-09-05,African Cup of Nations qualification,South Africa,Mauritania,3-1,0.8242926119260039,False,True,1675.797806298546,1342.2812525418515,333.5165537566945,-29.67453402933614,-20.0,-21.045512816867454,0.45881897144874223,0.25423218776220535,21.045512816867454,1646.1232722692098,1655.056434227442,1655.5722878180322
39161,2015-10-08,FIFA World Cup qualification,Argentina,Ecuador,0-2,0.8296717727404737,False,True,2042.0460709267693,1831.9981956096867,210.04787531708257,-29.86818381865705,-20.0,-25.515990391361825,0.6512332917068079,0.23579892379980477,25.515990391361825,2012.1778871081121,2024.9286152685693,2020.3062084203782
39197,2015-10-10,UEFA Euro qualification,Israel,Cyprus,1-2,0.8293461975685702,False,True,1639.3583099246484,1429.7103545866876,209.64795533796087,-19.904308741645686,-20.0,-14.9801709724093,0.24361501373631964,0.14167633034220384,14.9801709724093,1619.4540011830027,1615.879586892169,1625.841356366472
39330,2015-11-13,Friendly,Greece,Luxembourg,1-0,0.8805068774079349,False,True,1669.6007382091525,1257.6448013195393,411.9559368896132,-21.132165057790438,-20.0,-12.821837344787198,0.06378750631585801,0.4113671491508256,12.821837344787198,1648.468573151362,1669.835028481211,1659.7449329721842
39350,2015-11-14,FIFA World Cup qualification,Egypt,Chad,1-0,0.8672933580413703,False,True,1749.2327361074215,1358.1233918497128,391.1093442577087,-20.815040592992887,-20.0,-21.048210660540832,1.0,0.29139973049249424,30.0,1728.4176955144285,1736.9984922304432,1738.1552527129381
39394,2015-11-17,FIFA World Cup qualification,Kuwait,Myanmar,3-0,0.8657775528272643,False,True,1575.3457803623464,1251.5133128074601,323.8324675548863,-36.3626572187451,-20.0,-27.505435948884315,0.7319572145906761,0.24230784983851128,27.505435948884315,1538.9831231436012,1557.3897616186784,1557.8465078148818
39406,2015-11-17,FIFA World Cup qualification,Jordan,Kyrgyzstan,1-0,0.8226794506201109,False,True,1624.7265614022558,1293.1379289220965,331.5886324801593,-19.744306814882663,-19.837010253727296,-19.66198864601513,1.0,0.1196712010248362,30.0,1604.982254587373,1600.5719440485054,1592.3612248787208
39541,2016-03-25,Friendly,Portugal,Bulgaria,0-1,0.8764764353441303,False,True,1891.1392683874599,1615.7430971070569,275.396171280403,-21.035434448259128,-20.0,-10.230379863217191,0.08061778088272033,0.036944140253987734,10.230379863217191,1870.1038339392007,1883.5357020200433,1886.5328643605421
39564,2016-03-26,CFU Caribbean Cup qualification,Sint Maarten,United States Virgin Islands,1-2,0.8834271978138687,False,True,1411.6847638314864,1124.8553520618561,286.82941176963027,-21.20225274753285,-20.0,-21.320691887155174,0.8149126102552029,0.07741378132138976,28.177212896695988,1390.4825110839536,1408.802873056399,1400.783934345125
39702,2016-05-29,Friendly,Germany,Slovakia,1-3,0.836509224210257,False,True,1986.6203023196006,1768.0293104514426,218.59099186815797,-30.11433207156925,-20.0,-25.654234115723675,0.6610450388352583,0.22364414795968424,25.654234115723675,1956.5059702480314,1971.4622070843177,1979.4557931479071
39726,2016-05-31,Friendly,Republic of Ireland,Belarus,1-2,0.8214393614124261,False,True,1807.3759118126995,1607.2600002366269,200.11591157607268,-19.714544673898228,-19.802753191424422,-19.55095635820104,0.47347104784612515,0.02345640123675491,19.55095635820104,1787.6613671388013,1786.1183672889251,1784.4480492724142
39806,2016-06-05,African Cup of Nations qualification,Guinea,Eswatini,1-0,0.8214734332813891,False,True,1647.5044576877162,1317.3481898015311,330.1562678861851,-19.71536239875334,-19.86090114074797,-15.679818017452313,0.22226254232732676,0.29318962519955866,15.679818017452313,1627.789095288963,1631.874113568205,1642.7666807202693
39837,2016-06-07,Friendly,Spain,Georgia,0-1,0.9661416676029433,False,True,2031.8044012326127,1514.6543018618574,517.1500993707552,-23.18740002247064,-20.0,-16.874545555474533,0.29405203358316806,0.22716209368481222,16.874545555474533,2008.617001210142,2029.5599064093803,2023.1851688432994
39842,2016-06-07,Friendly,China,Kazakhstan,0-1,0.8458884831058687,False,True,1687.990165496963,1457.1989587513635,230.79120674559954,-20.30132359454085,-20.0,-20.677837291862758,1.0,0.28003843171550247,30.0,1667.6888419024222,1675.9773538548684,1679.488634770407
39856,2016-06-09,Copa América,Uruguay,Venezuela,0-1,0.8527143630242027,False,True,1943.3024178327469,1638.2451454555755,305.05727237717133,-20.465144712580866,-20.0,-20.52124376899155,0.37190327354587494,0.5235520965483007,21.114095337487406,1922.837273120166,1934.6319627975752,1930.9539092014304
39869,2016-06-12,Copa América,Brazil,Peru,0-1,0.8426643522664555,False,True,2074.205227985593,1782.6742321146173,291.53099587097563,-20.223944454394932,-20.0,-20.802364187103848,0.8717623788207769,0.043189738203787686,29.267814997328948,2053.981283531198,2077.033603973985,2080.450519280795
39930,2016-06-22,Friendly,New Caledonia,Malaysia,1-2,0.8888825486399641,False,True,1613.4588488735594,1317.2340056156345,296.22484325792493,-21.333181167359136,-20.0,-21.686774291074055,0.6533679908796338,0.41690645792985104,27.01608344455002,1592.1256677062004,1600.668451540306,1611.273368281772
39939,2016-06-25,COSAFA Cup,DR Congo,Eswatini,1-0,0.8227911380969153,False,True,1636.503887099311,1369.7822194727246,266.7216676265864,-19.746987314325967,-19.7543074266891,-18.543006832472358,0.35781450863349207,0.24443232815856836,18.543006832472358,1616.756899784985,1614.1893114378886,1620.9249206914797
39945,2016-06-27,UEFA Euro,England,Iceland,1-2,0.8573346218640481,False,True,1965.2095562871532,1653.676848118231,311.5327081689222,-20.576030924737154,-20.0,-20.869663782436888,0.5614035450393114,0.25468159313360195,23.51113782601229,1944.633525362416,1948.8215769552246,1948.6179216800842
39994,2016-09-01,Friendly,Netherlands,Greece,1-2,0.8640443594581078,False,True,1915.2826235316684,1659.027099897105,256.25552363456336,-20.737064626994588,-20.0,-20.482601702663,0.9421362151791618,0.33480558666208665,30.0,1894.5455589046737,1905.795751042597,1889.8004457479115
39997,2016-09-01,FIFA World Cup qualification,Japan,United Arab Emirates,1-2,0.8052449201056281,False,True,1832.3615883221457,1650.7859085873613,181.57567973478444,-19.325878082535073,-19.223424569066616,-19.12958454455791,0.40114445084377237,0.6895886400262639,23.14417594046065,1813.0357102396106,1818.5237535622155,1825.0829244866588
40127,2016-10-07,FIFA World Cup qualification,Latvia,Faroe Islands,0-2,0.8522557318070643,False,True,1529.9004180328345,1290.4767022275482,239.4237158052863,-30.681206345054314,-20.0,-30.0,1.0,0.10207901491410575,30.0,1499.2192116877802,1490.9512442266473,1483.6459565194864
40208,2016-10-11,FIFA World Cup qualification,Argentina,Paraguay,0-1,0.9003375290112479,False,True,2057.6369080485206,1740.2874269865297,317.3494810619909,-21.60810069626995,-20.0,-20.64340687986835,0.45163590587766755,0.22551814235054146,20.64340687986835,2036.0288073522506,2047.1060510349948,2043.522802738438
40444,2017-03-09,Friendly,Qatar,Azerbaijan,1-2,0.8336817122182566,False,True,1670.4959184144814,1455.471810620164,215.0241077943174,-20.008361093238157,-20.0,-15.815063208249006,0.1980316454293871,0.3827879647429644,15.815063208249006,1650.4875573212432,1645.907374742587,1651.9792085697884
40450,2017-03-18,Friendly,Iran,Iraq,0-1,0.8702387157050391,False,True,1839.8120202788452,1574.2147141662374,265.59730611260784,-20.88572917692094,-20.0,-16.214540936525047,0.24641323713205576,0.2875779056694636,16.214540936525047,1818.9262911019243,1817.2176975976363,1830.7297168292423
40459,2017-03-22,African Cup of Nations qualification,South Sudan,Djibouti,2-0,0.8269196550801551,False,True,1338.6321654281248,1001.9459403045148,336.68622512361003,-29.76910758288558,-20.0,-29.579922853293702,1.0,0.29758681730608805,30.0,1308.8630578452392,1313.8814662311245,1307.871251773321
40559,2017-03-28,FIFA World Cup qualification,Argentina,Bolivia,2-0,0.9091268068862115,False,True,2042.4850529024473,1577.4095828529232,465.07547004952403,-32.728565047903615,-20.0,-18.040305711038453,0.32004342610063613,0.2949079355778983,18.040305711038453,2009.7564878545436,2033.243521564798,2032.0772609240576
40566,2017-03-28,Friendly,Croatia,Estonia,3-0,0.8523817313349369,False,True,1898.5541161216536,1528.9565058364499,369.5976102852037,-35.80003271606735,-20.0,-15.181691866128885,0.20097437338650326,0.29478836310660084,15.181691866128885,1862.7540834055862,1883.9887892854242,1889.141108967811
40577,2017-04-23,Friendly,Jersey,Panjab,0-2,0.8190420143260159,False,True,1738.834896335015,1541.5435255271723,197.29137080784267,-29.48551251573657,-20.0,-29.68215222758364,1.0,0.027084952061002966,30.0,1709.3493838192783,1737.6072440853168,1721.4394397667484
40616,2017-06-04,Friendly,Albania,Luxembourg,2-1,0.8401070575549386,False,True,1609.085176211909,1255.8830408514898,353.2021353604191,-20.162569381318526,-20.0,-20.433673071479173,1.0,0.3570705305573097,30.0,1588.9226068305904,1580.1536902806963,1593.1408734536574
40634,2017-06-06,Friendly,Ukraine,Malta,1-0,0.9565510028484225,False,True,1809.5920834505034,1272.5007336787337,537.0913497717697,-22.95722406836214,-20.0,-14.963823236842414,0.1918965138329003,0.29478836310660084,14.963823236842414,1786.6348593821413,1794.9339733472427,1802.835323784849
40677,2017-06-09,FIFA World Cup qualification,Hungary,Andorra,1-0,0.9537519447566001,False,True,1670.7444152209982,1080.0076306678318,590.7367845531664,-22.890046674158402,-20.0,-22.923661191916644,0.9432132983460559,0.46997232676053785,30.0,1647.8543685468399,1650.6149383403256,1647.875451895792
40767,2017-06-22,CFU Caribbean Cup,Martinique,Curaçao,1-2,0.8096245328587661,False,True,1586.668169539202,1400.1990985519365,186.46907098726547,-19.430988788610385,-19.69599470371507,-19.802737354404837,0.43432838358860526,0.3229772253917975,21.007699009260907,1567.2371807505915,1564.5121157930168,1571.2957545345082
40829,2017-07-02,COSAFA Cup,South Africa,Tanzania,0-1,0.8593386267781707,False,True,1686.6166230632434,1437.2208308335748,249.3957922296686,-20.624127042676097,-20.0,-20.635282066105724,0.2796272357415826,0.7552259688167896,20.7528614083323,1665.9924960205674,1668.3582883966867,1670.7586778162188
40873,2017-07-23,Gold Cup,Mexico,Jamaica,0-1,0.8806212400829785,False,True,1922.0050087144202,1574.8601715257378,347.14483718868246,-21.134909761991484,-20.0,-15.935933891639838,0.27249760614481827,0.17449891802052497,15.935933891639838,1900.8700989524286,1904.5575564344274,1912.305343554021
40901,2017-08-31,FIFA World Cup qualification,Belarus,Luxembourg,1-0,0.836769650446023,False,True,1623.9136542889964,1274.9916505561494,348.9220037328471,-20.082471610704552,-20.0,-20.42427006648697,0.9977065698315589,0.0010271959719524992,30.0,1603.831182678292,1604.3199172003917,1612.032511707722
40907,2017-08-31,FIFA World Cup qualification,Chile,Paraguay,0-3,0.8419578433515759,False,True,1943.901302355857,1718.2943425294359,225.6069598264212,-35.362229420766184,-20.0,-30.0,1.0,0.37071705873413047,30.0,1908.5390729350909,1926.332749579133,1918.6890199314948
40914,2017-08-31,FIFA World Cup qualification,Bosnia and Herzegovina,Cyprus,3-2,0.8058132365068321,False,True,1776.2852812980207,1464.0793718863,312.20590941172077,-19.33951767616397,-19.418759323061998,-19.188103301505908,0.4050891891711537,0.18324534517477764,19.188103301505908,1756.9457636218567,1752.8469668598686,1756.8755404263586
40990,2017-09-05,FIFA World Cup qualification,Ivory Coast,Gabon,1-2,0.8601631103007209,False,True,1758.460869626799,1507.877246658915,250.5836229678839,-20.6439146472173,-20.0,-20.516445921568447,0.5857455295403696,0.26408694579048325,24.170588275292737,1737.8169549795816,1742.2160485758538,1745.2585917891322
41032,2017-10-05,FIFA World Cup qualification,Colombia,Paraguay,1-2,0.8370813139421146,False,True,1962.7142552076675,1743.3955558068124,219.31869940085517,-20.08995153461075,-20.0,-12.450679593473925,0.13541369120301172,0.15009387557520548,12.450679593473925,1942.6243036730568,1945.0811978062584,1953.1558932217536
41099,2017-10-10,Friendly,Qatar,Curaçao,1-2,0.8339304659918616,False,True,1623.6160752851065,1408.2801260141034,215.33594927100307,-20.01433118380468,-20.0,-20.28290931896003,0.8297765666464334,0.09095899748376479,28.642309579384516,1603.6017441013018,1600.7389939362256,1606.3908424079468
41101,2017-10-10,AFC Asian Cup qualification,Bahrain,Taiwan,2-1,0.8479195745637627,False,True,1541.2937396048628,1177.7812026168065,363.51253698805635,-20.350069789530302,-20.0,-20.40140663780095,0.8802249078979358,0.07098619859411937,29.693287378303417,1520.9436698153324,1524.1988635092748,1528.467891810508
41103,2017-10-10,FIFA World Cup qualification,United States,Trinidad and Tobago,2-1,0.8118911311590327,False,True,1833.276781482327,1514.241371300434,319.035410181893,-19.485387147816784,-19.741949067564764,-19.586074739314924,0.4524827142439456,0.26656919953825065,20.992138738160698,1813.7913943345102,1819.592568926831,1820.5680064594012
41142,2017-11-09,Friendly,Hungary,Luxembourg,2-1,0.8218226130539856,False,True,1643.154913439055,1312.5847128364717,330.5702006025833,-19.723742713295657,-20.0,-19.912295853308553,0.6488127860759372,0.08274112977199777,24.233435903998476,1623.4311707257593,1624.9961969858537,1622.8059292784747
41212,2017-11-14,Friendly,Argentina,Nigeria,2-4,0.8531776404374314,False,True,2025.365997712414,1719.6670913445369,305.69890636787704,-30.71439505574753,-20.0,-16.762411595332605,0.28925933518835306,0.2275234438515162,16.762411595332605,1994.6516026566665,2025.5194491621796,2027.8004020488977
41247,2017-12-05,Friendly,Philippines,Timor-Leste,1-0,0.923574232451239,False,True,1375.919752842517,943.0269533975204,432.8927994449966,-22.165781578829737,-20.0,-22.15968799614305,0.752404511656852,0.6228985736193628,30.0,1353.7539712636874,1355.8015095133933,1355.6891103942705
41249,2017-12-05,Pacific Mini Games,New Caledonia,Tuvalu,2-1,0.8251270272084436,False,True,1605.1923161190314,1335.6730682116856,269.51924790734574,-19.803048653002644,-19.59172103683097,-19.03890594450367,0.3000083583115728,0.47983816812824065,19.03890594450367,1585.3892674660287,1591.3449288208767,1603.391811064399
41277,2017-12-14,Friendly,Qatar,Liechtenstein,1-2,0.9369888093220481,False,True,1597.1413149653217,1193.214627849781,403.92668711554074,-22.487731423729155,-20.0,-22.562041336034206,0.8204102676600245,0.11902732226224882,28.642065001938576,1574.6535835415925,1573.8517452021454,1576.7390299102883
41369,2018-03-23,Friendly,Hungary,Kazakhstan,2-3,0.8514505736262412,False,True,1639.6587483974615,1401.343363078291,238.31538531917045,-20.434813767029787,-20.0,-14.355030900489929,0.055120973464521994,0.6290159421676751,14.355030900489929,1619.2239346304318,1621.0539050244874,1624.5587926644414
41458,2018-04-18,Friendly,Zimbabwe,Botswana,0-1,0.8013864368805508,False,True,1578.96106347018,1401.6278293865469,177.33323408363322,-19.23327448513322,-19.328110295603107,-19.318027776937015,0.8003359854765653,0.2122197303501453,28.90582149423873,1559.7277889850468,1562.9799698704214,1564.4516543398759
41682,2018-06-27,FIFA World Cup,Germany,South Korea,2-0,0.826049823631199,False,True,1997.9834885135488,1727.3509407557333,270.6325477578155,-29.737793650723166,-20.0,-17.580053189924904,0.32114423601105013,0.23407394070746257,17.580053189924904,1968.2456948628255,1984.2789210947763,1990.9800558980562
41708,2018-07-27,Friendly,Saint Barthélemy,Anguilla,1-2,0.9417819630201725,False,True,1463.3310485844845,1044.773924198404,418.55712438608043,-22.602767112484138,-20.0,-11.692949189754055,0.05785345373032724,0.2880582875282751,11.692949189754055,1440.7282814720004,1456.6880357238138,1469.9146777249728
41709,2018-07-28,Friendly,Saint Barthélemy,British Virgin Islands,3-4,0.9329922287529079,False,True,1440.7282814720004,1048.2271401526284,392.501141319372,-22.39181349006979,-20.0,-22.402705210880466,0.3411877481508179,0.9368002515048892,23.682907967658746,1418.3364679819306,1436.6880357238138,1447.5119725140923
41875,2018-09-15,SAFF Cup,India,Maldives,2-1,0.8102745719688356,False,True,1441.3222905822433,1189.1196230613375,252.20266752090583,-19.446589727252054,-19.27967750699159,-19.30101306822193,1.0,0.16620540952268814,30.0,1421.8757008549912,1411.4843411336713,1415.7904295154854
41883,2018-10-11,CONCACAF Nations League qualification,French Guiana,Saint Vincent and the Grenadines,0-1,0.8336600159108661,False,True,1525.2456232562497,1310.2486965710095,214.99692668524017,-20.007840381860788,-19.569334710847233,-16.040521701490967,0.301527465642599,0.10048281575857355,16.040521701490967,1505.2377828743888,1488.1712991642264,1492.8843650710792
42052,2018-11-14,Friendly,Switzerland,Qatar,0-1,0.8666973608886844,False,True,1881.4273385088395,1621.2158479025184,260.21149060632115,-20.800736661328425,-20.0,-16.401484557961695,0.2416381455743222,0.3252711330222449,16.401484557961695,1860.626601847511,1859.185044918285,1865.164825736895
42233,2019-01-06,AFC Asian Cup,Australia,Jordan,0-1,0.804862001312968,False,True,1800.8378098203596,1554.6859787766716,246.15183104368793,-19.316688031511234,-19.578189665374218,-19.296467299502776,0.6539571786964089,0.26096836223501785,25.78271918659396,1781.5211217888484,1790.100246572291,1780.0020489346703
42313,2019-03-21,Friendly,New Caledonia,Mauritius,3-1,0.8428175216980234,False,True,1550.4680031646087,1258.7362336697313,291.7317694948774,-30.341430781128842,-20.0,-16.243597083644506,0.1969811552018318,0.43950616985006785,16.243597083644506,1520.12657238348,1538.9812671610769,1559.0554964738835
42331,2019-03-22,Friendly,Argentina,Venezuela,1-3,0.8024572814155718,False,True,1976.286205455093,1732.7818470904188,243.50435836467432,-28.888462130960587,-20.0,-16.153312926104185,0.26826225866968706,0.2143773397539619,16.153312926104185,1947.3977433241325,1984.4894915741784,1986.8043418365799
42413,2019-03-26,Friendly,Peru,El Salvador,0-2,0.8340443241497124,False,True,1877.8724567923277,1597.393648418314,280.47880837401385,-30.025595669389645,-20.0,-26.453406878938132,0.6789045073333244,0.2699623378672935,26.453406878938132,1847.8468611229382,1863.7079863214835,1854.2150511241614
42470,2019-06-03,CONIFA European Football Cup,Padania,South Ossetia,2-1,0.8364131655252073,False,True,1710.7766165501178,1427.3076119013883,283.4690046487294,-20.073915972604976,-20.0,-19.814468847646715,0.5623009342229477,0.2267578420701173,23.309285157911685,1690.7027005775128,1691.8221344294402,1689.1207962978954
42478,2019-06-05,Friendly,United States,Jamaica,0-1,0.8496698486188251,False,True,1827.8333023878808,1591.9516574435183,235.8816449443625,-20.392076366851803,-20.0,-20.41112751781398,0.9184963384950945,0.030099076633664068,30.0,1807.441226021029,1811.283155520974,1812.3206184601875
42600,2019-06-12,Friendly,Morocco,Gambia,0-1,0.9143529836345642,False,True,1779.7053347186209,1433.3446754884255,346.3606592301953,-21.94447160722954,-20.0,-14.243771997931098,0.158342002137746,0.30544549332814913,14.243771997931098,1757.7608631113912,1758.1894157555535,1772.6469805511965
42617,2019-06-16,Friendly,Morocco,Zambia,2-3,0.8251953420956969,False,True,1757.7608631113912,1553.1593562813887,204.60150683000256,-19.804688210296725,-19.880882160821777,-20.068124011480762,1.0,0.9036791346295862,30.0,1737.9561749010945,1738.3085335947317,1752.5788565397158
42651,2019-06-20,Inter Games,Orkney,Alderney,1-2,0.8603315539455818,False,True,1393.1303370147884,1077.30331687002,315.82702014476854,-20.647957294693963,-20.0,-18.592110924063135,0.26608786202900214,0.5257502794208855,18.592110924063135,1372.4823797200945,1374.2837473570162,1378.0714315986806
42710,2019-06-30,African Cup of Nations,Nigeria,Madagascar,2-0,0.8664738572699351,False,True,1746.1635956083624,1421.2879313755307,324.8756642328317,-31.193058861717663,-20.0,-10.201778611410903,0.011360708308414723,0.2411402015011188,10.201778611410903,1714.9705367466447,1725.039206863142,1745.290007620521
42782,2019-07-22,Indian Ocean Island Games,Réunion,Comoros,0-1,0.8886549029141738,False,True,1635.6650792402681,1274.8402620211266,360.82481721914155,-21.32771766994017,-20.0,-21.369400473607346,1.0,0.22887875193844132,30.0,1614.337361570328,1607.0106792341073,1620.9472098504402
42835,2019-09-05,FIFA World Cup qualification,Zimbabwe,Somalia,1-0,0.9473188951512418,False,True,1552.0566090919394,1050.1200790049857,501.9365300869538,-22.735653483629804,-20.0,-22.737617579432257,0.9825025723705589,0.4042090433935528,30.0,1529.3209556083095,1534.6748988213046,1530.7805748222888
42924,2019-09-08,CONCACAF Nations League,Panama,Bermuda,0-2,0.8265308780161764,False,True,1652.5004081782072,1446.2856471669718,206.2147610112354,-29.75511160858235,-20.0,-20.21973459407969,0.406954126902621,0.30660444355209804,20.21973459407969,1622.7452965696248,1630.967793106239,1633.6507878705117
42970,2019-09-10,Friendly,Brazil,Peru,0-1,0.853721161197257,False,True,2150.6120365077545,1844.1582195980654,306.45381690968907,-20.48930786873417,-20.0,-14.498823407108212,0.20541259326186082,0.196115146102944,14.498823407108212,2130.1227286390204,2142.3609847578473,2149.460194177608
43068,2019-10-12,Friendly,Guinea,Comoros,0-1,0.8125301727990799,False,True,1546.8880816649835,1292.1248344150752,254.76324724990832,-19.50072414717792,-19.69657594943268,-15.991960805649786,0.24141441236939454,0.2747518635980396,15.991960805649786,1527.3873575178056,1532.9497679755486,1540.0239390725148
43153,2019-10-15,Friendly,Colombia,Algeria,3-0,0.8151584181447492,False,True,2001.5627697130064,1743.7858331693483,257.77693654365817,-34.23665356207947,-20.0,-19.46422518279953,0.41577421523065633,0.18570550215797255,19.46422518279953,1967.326116150927,1987.1858568090506,1988.4948703400394
43160,2019-10-15,Friendly,Morocco,Gabon,2-3,0.8483971214924325,False,True,1743.2871462231176,1509.1304506441427,234.1566955789749,-20.36153091581838,-20.0,-20.45044041392722,0.7494265388619297,0.30640395187422087,28.437468547680076,1722.9256153072993,1723.5260582190774,1735.7156038921134
43337,2019-11-19,African Cup of Nations qualification,Ivory Coast,Ethiopia,2-1,0.8400189075925777,False,True,1735.350568377315,1382.262406967542,353.0881614097732,-20.160453782221865,-20.0,-20.26768509901178,1.0,0.08250370174387889,30.0,1715.1901145950933,1717.9717579286466,1720.5118653893967
43345,2019-11-19,UEFA Euro qualification,Austria,Latvia,1-0,0.9075333897266187,False,True,1783.079610025336,1321.3285399063002,461.75107011903583,-21.780801353438846,-20.0,-21.845527065009037,1.0,0.1712256468096366,30.0,1761.2988086718972,1757.3003985476971,1760.793420534843
43422,2020-09-07,UEFA Nations League,Albania,Lithuania,0-1,0.8370904715906874,False,True,1589.491687465362,1370.1613226665154,219.33036479884663,-20.0901713181765,-20.0,-13.037396398665473,0.04702261218076964,0.48860671329087535,13.037396398665473,1569.4015161471855,1559.6113539659154,1581.8012481639264
43538,2020-10-13,UEFA Nations League,Montenegro,Luxembourg,1-2,0.8352407968069744,False,True,1598.6057402356732,1381.620933813117,216.98480642255618,-20.045779123367385,-20.0,-12.948673958337903,0.1400584805809085,0.19840880304951225,12.948673958337903,1578.559961112306,1576.9115362018406,1588.7009743353929
43583,2020-11-11,Friendly,France,Finland,0-2,0.9202456945176122,False,True,2053.853513567696,1693.9936508610215,359.8598627066747,-33.12884500263404,-20.0,-23.748105253711206,0.5343590373652246,0.3654360446182268,23.748105253711206,2020.724668565062,2043.3749131208906,2040.3512989582284
43672,2020-11-16,African Cup of Nations qualification,Uganda,South Sudan,1-0,0.8631080165169431,False,True,1587.4565283976149,1267.5816747435658,319.87485365404905,-20.714592396406637,-20.0,-20.755811113596195,1.0,0.09707715975917397,30.0,1566.7419360012082,1568.9521401367156,1569.4421993300361
43684,2020-11-17,African Cup of Nations qualification,Ghana,Sudan,1-0,0.8398976822515969,False,True,1734.137836816309,1381.2063313374097,352.9315054788992,-20.157544374038324,-20.0,-9.47769668508407,0.03365909103706309,0.08373481252431947,9.47769668508407,1713.9802924422706,1715.2868176302666,1716.076076862828
43727,2021-01-19,Friendly,Dominican Republic,Puerto Rico,0-1,0.8035667294555566,False,True,1407.883245156781,1228.160485339229,179.72275981755206,-19.28560150693336,-19.3972399685966,-19.513835085796316,1.0,0.16682515034276102,30.0,1388.5976436498477,1380.271266299189,1392.742767497163
43827,2021-03-27,FIFA World Cup qualification,Republic of Ireland,Luxembourg,0-1,0.9008188141281167,False,True,1700.7577251217367,1382.4744645554945,318.28326056624223,-21.619651539074802,-20.0,-21.70152531775662,1.0,0.2890187560065963,30.0,1679.138073582662,1677.9063797676376,1681.4160239867354
43906,2021-03-31,FIFA World Cup qualification,Germany,North Macedonia,1-2,0.9234470189715158,False,True,1977.4515646877578,1609.8716140635906,367.57995062416717,-22.16272845531638,-20.0,-12.961799751944948,0.11707199655498089,0.2690089793281759,12.961799751944948,1955.2888362324413,1966.8173153647554,1976.9762740891947
43995,2021-06-04,Friendly,Finland,Estonia,0-1,0.852693399470399,False,True,1711.1775021043309,1471.1492244971269,240.02827760720402,-20.464641587289577,-20.0,-16.707888936912134,0.2805788578956612,0.2467495434270328,16.707888936912134,1690.7128605170412,1675.734076227097,1686.020841883953
44035,2021-06-07,FIFA World Cup qualification,Kyrgyzstan,Mongolia,0-1,0.8648665603735621,False,True,1439.5762241806872,1117.1017144156738,322.4745097650134,-20.756797448965493,-20.0,-20.51940431089821,1.0,0.13691992613072546,30.0,1418.8194267317217,1412.731148196662,1412.1714088910082
44107,2021-06-12,UEFA Euro,Denmark,Finland,0-1,0.8531100310424412,False,True,1931.3180243008424,1690.7128605170412,240.60516378380112,-20.47464074501859,-20.0,-20.348750935223816,1.0,0.14608294389904697,30.0,1910.8433835558237,1908.7166743767837,1899.1106099065162
44230,2021-07-07,COSAFA Cup,Senegal,Namibia,1-2,0.8720606034756034,False,True,1808.220741648576,1474.8037939603953,333.4169476881807,-20.92945448341448,-20.0,-15.09980975504844,0.25152681227521545,0.1328957825554088,15.09980975504844,1787.2912871651615,1788.2768714107874,1795.911784180273
44232,2021-07-08,COSAFA Cup,Zambia,Lesotho,1-2,0.8080729679850919,False,True,1586.6405977628785,1336.9148251909673,249.7257725719112,-19.393751231642206,-19.394481481339838,-19.330984767271847,0.5161860221381742,0.37657025282123413,23.401026553886055,1567.2468465312363,1563.1016986001896,1557.7430582744364
44237,2021-07-10,COSAFA Cup,Zambia,Eswatini,0-1,0.8224847363515428,False,True,1567.2468465312363,1300.88998842402,266.35685810721634,-19.73963367243703,-19.766967056777908,-19.63252623249334,0.2508907667294704,0.7682052862210722,20.167020691275866,1547.5072128587992,1543.3347315434116,1538.110532041943
44347,2021-09-02,FIFA World Cup qualification,Japan,Oman,0-1,0.8363984171333695,False,True,1838.7871555897764,1620.3368751730577,218.45028041671867,-20.073562011200867,-20.0,-20.252461268362907,1.0,0.05581595405262785,30.0,1818.7135935785755,1828.359236787996,1830.8394503594432
44489,2021-10-07,FIFA World Cup qualification,Nigeria,Central African Republic,0-1,0.9107789809139516,False,True,1728.1549894440247,1389.5766614894442,338.5783279545806,-21.85869554193484,-20.0,-16.810550890767225,0.2679496982110848,0.2974697667126485,16.810550890767225,1706.29629390209,1713.6751983529366,1734.9607113606974
44637,2021-11-11,FIFA World Cup qualification,Sweden,Georgia,2-0,0.8059611356607421,False,True,1871.3841705715568,1559.0140201700374,312.37015040151937,-29.014600883786716,-20.0,-16.868405674958687,0.2957210057182416,0.22138769221511112,16.868405674958687,1842.36956968777,1848.9097761839716,1852.4319423721356
44872,2022-01-16,African Cup of Nations,Algeria,Equatorial Guinea,0-1,0.8937099382611645,False,True,1855.3646553455837,1485.4830841044952,369.8815712410885,-21.449038518267947,-20.0,-16.152963280917298,0.20231459250547526,0.41217663259823667,16.152963280917298,1833.9156168273157,1828.6678271710855,1837.7254688249366
44878,2022-01-18,African Cup of Nations,Ghana,Comoros,2-3,0.8596387647943815,False,True,1682.698272464834,1367.870748454756,314.8275240100779,-20.631330355065156,-20.0,-20.71233770745667,1.0,0.2188571511421329,30.0,1662.066942109769,1663.5666456319213,1664.0932939289753
44888,2022-01-20,African Cup of Nations,Tunisia,Gambia,1-0,0.8020810104633292,False,True,1724.417774088831,1481.3254663417513,243.09230774707976,-19.249944251119903,-19.417871235532072,-19.468714696591665,0.7019585584762196,0.1575010928661683,26.10701414635862,1705.1678298377112,1708.1536660893598,1712.1312097811267
44990,2022-03-24,FIFA World Cup qualification,Italy,North Macedonia,0-1,0.9173263330147506,False,True,2009.242107485672,1656.1794436853568,353.06266380031525,-22.015831992354016,-20.0,-12.981902445078543,0.0921713286497579,0.346223819685544,12.981902445078543,1987.226275493318,1989.8768049949886,1995.9226246725248
45211,2022-06-04,UEFA Nations League,England,Hungary,1-0,0.8144079171348388,False,True,2037.569099510714,1715.656083055287,321.91301645542717,-19.545790011236132,-19.58525584566928,-19.68349146173563,1.0,0.11786475576407862,30.0,2018.023309499478,2018.4855738439996,2017.9759292458784
45262,2022-06-06,UEFA Nations League,Slovakia,Kazakhstan,0-1,0.8880883264930685,False,True,1720.9593259978703,1426.1270174575895,294.8323085402808,-21.314119835833644,-20.0,-18.580109227774642,0.3571091053065288,0.25118633755224345,18.580109227774642,1699.6452061620366,1696.4882386773838,1700.5268691284446
45323,2022-06-09,African Cup of Nations qualification,Egypt,Ethiopia,2-0,0.8765338799443153,False,True,1766.440400168291,1425.952037527283,340.48836264100805,-31.55521967799535,-20.0,-15.051342244069136,0.2469227033611519,0.14064967042518628,15.051342244069136,1734.8851804902956,1747.823308382622,1757.0126253965466
45401,2022-06-13,UEFA Nations League,France,Croatia,0-1,0.8091838107640583,False,True,2038.2746280352262,1852.3018412558743,185.97278677935196,-19.420411458337398,-19.463499699746748,-19.26240634291498,1.0,0.2759260328187161,30.0,2018.8542165768888,2032.1869583047594,2032.5005691520375
45410,2022-06-14,UEFA Nations League,England,Hungary,0-4,0.8780840664787508,False,True,2015.4435891023847,1737.453337834081,277.99025126830384,-39.513782991543785,-20.0,-30.0,0.8864966601296518,0.12630152392927407,30.0,1975.929806110841,1996.2064459430003,1986.1472540427096
45466,2022-07-15,COSAFA Cup,Senegal,Zambia,4-3,0.8262708368846718,False,True,1801.815449404967,1530.915570573078,270.89987883188905,-19.830500085232124,-19.90070700164766,-18.940790117363896,0.3190720461062441,0.41038262635175493,18.940790117363896,1781.9849493197348,1781.9413780497891,1788.2685893162813
45489,2022-09-22,UEFA Nations League,Slovakia,Azerbaijan,1-2,0.8890788904241441,False,True,1686.014549078797,1389.444111667722,296.5704374110751,-21.337893370179458,-20.0,-21.501670639724054,0.8135333673551008,0.7347784577971224,30.0,1664.6766557086175,1662.4496593579988,1665.2965203624192
45508,2022-09-23,UEFA Nations League,Germany,Hungary,0-1,0.8328018674118538,False,True,1990.891227935644,1776.9671208256248,213.92410711001935,-19.98724481788449,-20.0,-13.2129164054497,0.09487907125163247,0.3669773369263152,13.2129164054497,1970.9039831177597,1977.2170353573526,1990.5253770372447
45538,2022-09-24,UEFA Nations League,Greece,Cyprus,1-0,0.8343685001011146,False,True,1737.213074395446,1391.3270883454154,345.8859860500306,-20.02484400242675,-20.0,-20.307506086766008,1.0,0.2143759252837968,30.0,1717.1882303930192,1715.4219464245518,1717.6225945310196
45557,2022-09-25,UEFA Nations League,Turkey,Faroe Islands,2-1,0.8935928758910023,False,True,1759.396531719061,1324.7289348513314,434.66759686772957,-21.446229021384056,-20.0,-18.57366405194362,0.3037803131959734,0.4103670669050322,18.57366405194362,1737.9503026976768,1732.9730843551924,1745.1434553783392
45593,2022-09-27,Friendly,Israel,Malta,2-1,0.8272262512782984,False,True,1658.6302371319455,1321.5716165128126,337.05862061913285,-19.853430030679164,-20.0,-19.840178755673485,1.0,0.32290833498902793,30.0,1638.7768071012663,1628.966990070645,1624.7743271690904
45668,2022-11-17,Friendly,Switzerland,Ghana,0-2,0.8095602024473221,False,True,1914.213534827341,1662.816959144361,251.39657568298003,-29.144167288103596,-20.0,-28.95643619191657,1.0,0.25043478774692896,30.0,1885.0693675392374,1892.028920153305,1883.0788159494593
45685,2022-11-18,Friendly,Belgium,Egypt,2-1,0.8412542871796406,False,True,2020.7898288593713,1731.099714792471,289.69011406690015,-20.190102892311373,-20.0,-12.119735909168096,0.03114171563877501,0.4215418417296869,12.119735909168096,2000.5997259670598,2011.5623248434579,2015.4080885746723
45715,2022-11-20,Friendly,Israel,Cyprus,2-3,0.8666666522274888,False,True,1649.517978534667,1389.3526575843305,260.16532095033654,-20.799999653459732,-20.0,-13.568691097338219,0.14107658470603543,0.27285663304917107,13.568691097338219,1628.7179788812073,1619.9814355322458,1621.9350661891986
45724,2022-11-22,FIFA World Cup,Argentina,Saudi Arabia,1-2,0.9077994420511075,False,True,2106.053877811005,1708.751332890744,397.30254492026097,-21.78718660922658,-20.0,-21.883916703413213,1.0,0.0661851226990616,30.0,2084.2666912017785,2099.0138867712435,2094.475747762263
45759,2022-11-30,FIFA World Cup,France,Tunisia,1-0,0.8000552955218841,False,True,2024.372496614731,1783.4884575077174,240.88403910701368,-19.20132709252522,-19.755470520407375,-12.099720935740606,0.05391998779216126,0.3507051535910918,12.099720935740606,2005.171169522206,2016.4083968227555,2023.5317946317314
45765,2022-12-02,FIFA World Cup,Brazil,Cameroon,1-0,0.9434233037804871,False,True,2181.725653124557,1692.8980465948844,488.8276065296727,-22.64215929073169,-20.0,-22.629280680208367,1.0,0.14456594314233062,30.0,2159.0834938338253,2169.548804581353,2172.133725586284
45783,2022-12-14,Friendly,Thailand,Taiwan,0-1,0.9312578517721853,False,True,1564.7413053145647,1177.0025663047384,387.7387390098263,-22.35018844253245,-20.0,-11.934780625426107,0.1440571943472495,0.05967599513651489,11.934780625426107,1542.3911168720322,1544.3662161183374,1552.554654004458
45913,2023-03-24,African Cup of Nations qualification,Nigeria,Guinea-Bissau,0-1,0.8517254347766157,False,True,1688.2921226090953,1449.5989396608084,238.6931829482869,-20.441410434638776,-20.0,-20.778844995876863,1.0,0.10813748970478199,30.0,1667.8507121744565,1672.2944725205496,1686.8636584858289
45953,2023-03-26,UEFA Euro qualification,Denmark,Kazakhstan,3-2,0.9168414744879733,False,True,1921.6280112059626,1439.673022926222,481.9549882797405,-22.00419538771136,-20.0,-22.213717157870448,0.7593442504725088,0.13230860152101098,27.282730823508295,1899.6238158182512,1905.0149991513615,1899.8680014295708
46075,2023-06-16,UEFA Euro qualification,Wales,Armenia,2-4,0.8756743819974894,False,True,1776.5059585381957,1502.3931514111298,274.11280712706593,-31.52427775190962,-20.0,-14.852868401467976,0.2597057407602236,0.07749132790282609,14.852868401467976,1744.981680786286,1752.494117982256,1762.4050877616592
46101,2023-06-17,CONIFA World Football Cup qualification,Canton Ticino,Raetia,1-8,0.8043658441958415,False,True,1500.0,1319.3964239066331,180.60357609336688,-43.43575558657544,-20.0,-8.0,0.0,0.0,8.0,1456.5642444134246,1480.0,1492.0
46141,2023-06-18,Mauritius Four Nations Cup,Kenya,Mauritius,1-0,0.8088844711895367,False,True,1503.2620220880583,1187.6258134692948,315.6362086187635,-19.41322730854888,-19.364139218759526,-19.269037319562226,0.6554983847787015,0.08065285824467952,24.37718410064627,1483.8487947795095,1481.0594298595704,1489.4071224839106
46162,2023-06-20,UEFA Euro qualification,Poland,Moldova,3-2,0.9324477999067883,False,True,1828.2488232725755,1307.2548110535201,520.9940122190553,-22.37874719776292,-20.0,-18.996442861350417,0.26037343403768837,0.5934350555557372,18.996442861350417,1805.8700760748125,1810.7275802015952,1815.4239534914348
46168,2023-06-20,UEFA Euro qualification,Bosnia and Herzegovina,Luxembourg,0-2,0.8328031060924094,False,True,1655.544184781658,1441.6185323040631,213.9256524775949,-29.98091181932674,-20.0,-15.069212619145608,0.2679802697414971,0.0797107681687097,15.069212619145608,1625.5632729623312,1635.5961105134636,1646.6985839328615
46183,2023-06-20,Friendly,Brazil,Senegal,2-4,0.8757205780582196,False,True,2140.4798490971934,1801.29331689606,339.18653220113333,-31.525940810095904,-20.0,-30.0,0.9494408385306348,0.027416156354052923,30.0,2108.9539082870974,2130.2794361092024,2122.9980218272526
46258,2023-07-10,COSAFA Cup,Angola,Mauritius,0-1,0.869302914394221,False,True,1523.4561239210086,1194.2940310388803,329.16209288212826,-20.863269945461305,-20.0,-20.75105574310013,0.6293537148850805,0.1086215083131632,23.973461223747236,1502.5928539755473,1507.02412394181,1506.8842298584336
46261,2023-07-10,Island Games,Isle of Man,Shetland,3-2,0.8047950377749027,False,True,1693.2429113409469,1447.1651367633503,246.07777457759653,-19.315080906597665,-19.29310641633218,-9.48076830376473,0.0348515580829839,0.08054136372163967,9.48076830376473,1673.9278304343493,1673.6577953687329,1663.399312367136
46340,2023-09-07,Friendly,Qatar,Kenya,1-2,0.8043416617667045,False,True,1664.42567613794,1483.8487947795095,180.57688135843046,-19.30419988240091,-19.3760811152925,-14.917539965017198,0.15235583131817426,0.40762500167262705,14.917539965017198,1645.121476255539,1645.5856435709868,1656.9259703237408
46455,2023-09-12,Friendly,Kenya,South Sudan,0-1,0.8440094787462369,False,True,1503.1529946619105,1274.8533487635132,228.29964589839733,-20.256227489909683,-20.0,-15.49913696866145,0.05469207457636599,0.7733158973535832,15.49913696866145,1482.8967671720009,1480.4355109748628,1493.2524837143048
46462,2023-09-12,CONCACAF Nations League,French Guiana,Belize,0-2,0.8585702650299538,False,True,1510.0730560573281,1261.7790096998594,248.2940463574687,-30.908529541078337,-20.0,-8.616009512352402,0.0009428848659024792,0.07417253444634281,8.616009512352402,1479.1645265162497,1479.8766962981422,1496.1926705078824
46495,2023-10-12,UEFA Euro qualification,Croatia,Turkey,0-1,0.8325363397376566,False,True,1965.5277026624942,1751.9346546924824,213.59304797001187,-19.980872153703757,-20.0,-20.07214961267524,1.0,0.10789408707981349,30.0,1945.5468305087904,1948.088238844188,1953.5706663294247
46554,2023-10-14,UEFA Euro qualification,Bulgaria,Lithuania,0-2,0.8209041839774883,False,True,1552.482200982316,1352.999389359443,199.482811622873,-29.55255062318958,-20.0,-16.876545093343477,0.24987715337452365,0.3599366765443638,16.876545093343477,1522.9296503591265,1530.2658691930553,1522.2222154789613
46607,2023-10-17,Friendly,Cape Verde,Comoros,1-2,0.8619405894816414,False,True,1595.870952439598,1342.7064253383787,253.1645271012194,-20.686574147559394,-20.0,-14.11748823875884,0.20610288182818978,0.1463773843602858,14.11748823875884,1575.1843782920387,1571.1849738687833,1581.2788386095351
46620,2023-10-17,UEFA Euro qualification,Finland,Kazakhstan,1-2,0.8097673955722247,False,True,1671.952250007492,1485.3221169634087,186.63013304408332,-19.434417493733392,-19.52243686733744,-19.904667499283214,0.42742565784064823,0.373090638028831,21.242940892406207,1652.5178325137585,1643.2730250367672,1656.7183456912337
46640,2023-10-17,FIFA World Cup qualification,Hong Kong,Bhutan,2-0,0.8823580972382022,False,True,1303.539504189108,888.5063700951298,415.0331340939781,-31.76489150057528,-20.0,-13.780959223724054,0.22196788385090507,0.056716251412791574,13.780959223724054,1271.7746126885327,1286.8049745583185,1292.2465515775634
46676,2023-11-16,UEFA Euro qualification,Sweden,Azerbaijan,3-0,0.8056556198207337,False,True,1807.1682597456004,1495.1372781009634,312.030981644637,-33.837536032470815,-20.0,-16.520734467342052,0.25004247866527224,0.31496437242193964,16.520734467342052,1773.3307237131296,1791.224764940915,1810.5279983839632
46776,2023-11-20,UEFA Euro qualification,Denmark,Northern Ireland,2-0,0.8587858844180867,False,True,1911.4319094086943,1532.8291945839749,378.60271482471944,-30.91629183905112,-20.0,-30.0,1.0,0.17484521729382063,30.0,1880.5156175696432,1895.4643164181014,1881.0192772805442
46784,2023-11-20,CONCACAF Nations League,United States,Trinidad and Tobago,2-1,0.8266244801420215,False,True,1877.371204504366,1541.0430099869268,336.3281945174392,-19.838987523408516,-19.99189215520883,-16.342971173416302,0.3203031981793642,0.08196180213894522,16.342971173416302,1857.5322169809574,1861.637250976011,1878.1615860218822
46792,2023-11-21,FIFA World Cup qualification,Zambia,Niger,2-1,0.8310126034331362,False,True,1608.607377893527,1331.9060597866112,276.7013181069158,-19.94430248239527,-19.812725653053832,-19.217285551379923,0.40648006573294054,0.18272049672366908,19.217285551379923,1588.6630754111318,1579.143833513503,1568.1221832792348
46864,2024-01-01,Friendly,China,Hong Kong,1-2,0.8610468866046671,False,True,1589.1203250619792,1272.2569175889205,316.8634074730587,-20.66512527851201,-20.0,-14.096620519027923,0.1737962343991233,0.24068886168112022,14.096620519027923,1568.4551997834672,1571.6149818286863,1587.0418524624477
46923,2024-01-16,African Cup of Nations,Tunisia,Namibia,0-1,0.8187948872979919,False,True,1802.4616543685208,1540.4597843467284,262.00187002179246,-19.651077295151804,-19.640822575706718,-11.510630715124147,0.09309460192960406,0.15954503360170624,11.510630715124147,1782.8105770733691,1771.8094052896417,1791.589045759982
46939,2024-01-19,AFC Asian Cup,Japan,Iraq,2-1,0.8082395890405629,False,True,1953.146097501139,1703.2336305407705,249.91246696036842,-19.39775013697351,-19.49916052134992,-19.256631376146903,1.0,0.08259054841530322,30.0,1933.7483473641655,1938.820921534461,1932.9235849663994
46958,2024-01-22,African Cup of Nations,Ivory Coast,Equatorial Guinea,0-4,0.843104239932585,False,True,1724.8663495352248,1497.758323162595,227.10802637262987,-37.939690796966325,-20.0,-26.216637466223304,0.5339327603196139,0.6752814023190715,26.216637466223304,1686.9266587382585,1710.9406001247826,1708.9708456338767
46962,2024-01-23,African Cup of Nations,Algeria,Mauritania,1-0,0.8756827456993268,False,True,1832.095453888289,1492.969300730883,339.12615315740595,-21.016385896783845,-20.0,-21.213476043593225,0.7449856166885046,0.2210152552546959,27.64777684256168,1811.0790679915053,1810.1548357254744,1815.4909822082873
46990,2024-01-30,African Cup of Nations,Morocco,South Africa,0-2,0.8074820370927328,False,True,1869.866709986864,1620.8020650454955,249.06464494136844,-29.06935333533838,-20.0,-13.333435882960764,0.17177397035427724,0.15135757430726365,13.333435882960764,1840.7973566515257,1846.3125589382785,1850.471273772016
47123,2024-03-26,Friendly,Uruguay,Ivory Coast,2-1,0.8445948580311571,False,True,2003.4895551574634,1709.4163356979786,294.0732194594848,-20.27027659274777,-19.853171679684873,-19.67381513511424,1.0,0.07219608141503153,30.0,1983.2192785647158,1982.0694639044307,1972.1214463040744
47136,2024-03-26,Friendly,Scotland,Northern Ireland,0-1,0.8259701142247682,False,True,1775.7918600083499,1570.255660589004,205.53619941934585,-19.823282741394436,-19.90943907095317,-19.692121187887466,1.0,0.1493091695041442,30.0,1755.9685772669554,1743.815307965019,1745.2007642447854
47138,2024-03-26,Friendly,Portugal,Slovenia,2-0,0.801462938372853,False,True,2034.5629195424149,1727.1461778125065,307.4167417299084,-28.852665781422708,-20.0,-29.444191690890065,1.0,0.1497430966072132,30.0,2005.7102537609921,2017.1176787017387,2016.9769459977736
47154,2024-03-26,FIFA Series,Vanuatu,Brunei,3-2,0.9543735926988205,False,True,1446.9080018435025,918.7071454651596,528.2008563783429,-22.90496622477169,-20.0,-23.130317790465504,1.0,0.36278289352051774,30.0,1424.0030356187308,1435.4238298213513,1449.8646203974984
47253,2024-06-06,FIFA World Cup qualification,Algeria,Guinea,1-2,0.8380819524263647,False,True,1808.4193426929703,1587.822850662588,220.59649203038225,-20.113966858232754,-20.0,-20.29646003076921,0.7419546698324823,0.2873375530474336,28.105612500359044,1788.3053758347376,1786.9383324308883,1792.2141896767062
47268,2024-06-07,Friendly,England,Iceland,0-1,0.9378138044632001,False,True,2010.883822729244,1604.5147694947188,406.36905323452515,-22.5075313071168,-20.0,-22.582803407408324,0.8312753496029627,0.053361618966135116,28.377501342200183,1988.3762914221272,2003.875359167811,1996.3033528593048
47390,2024-06-17,UEFA Euro,Belgium,Slovakia,0-1,0.8466966850377102,False,True,2012.3380551424884,1715.4675297455435,296.8705253969449,-20.320720440905045,-20.0,-20.61977960027734,1.0,0.029865332787544996,30.0,1992.0173347015834,2003.9445993431348,2003.3392952898469
47435,2024-06-26,UEFA Euro,Portugal,Georgia,2-0,0.8670687318751235,False,True,2012.1181024626278,1686.3475515744187,325.7705508882091,-31.214474347504446,-20.0,-30.0,1.0,0.19306162420941303,30.0,1980.9036281151234,2001.8190168184362,1992.443854579127
47507,2024-09-05,FIFA World Cup qualification,Australia,Bahrain,0-1,0.8821384574867474,False,True,1848.0741401897762,1563.4082860868748,284.66585410290145,-21.171322979681936,-20.0,-21.10847418873605,1.0,0.09519574789223328,30.0,1826.9028172100943,1831.1378450298691,1829.5788891627906
47520,2024-09-05,Tri-Nations Series,Solomon Islands,Hong Kong,3-0,0.8120200645865909,False,True,1532.6518361211265,1278.4697303165647,254.18210580456184,-34.10484271263682,-20.0,-30.0,1.0,0.37917101868610115,30.0,1498.5469934084897,1525.9127930115833,1510.8719591669471
47632,2024-09-10,FIFA World Cup qualification,Brazil,Paraguay,1-0,0.834031916420054,False,True,2069.6821294788124,1724.2188930325233,345.4632364462891,-20.016765994081297,-20.0,-13.594195882557358,0.17096529824877515,0.18637859057334438,13.594195882557358,2049.665363484731,2068.6637757515323,2072.920115678661
47679,2024-10-10,FIFA World Cup qualification,Colombia,Bolivia,1-0,0.8900898716167287,False,True,2068.2708151561246,1639.9123575372575,428.3584576188671,-21.36215691880149,-20.0,-15.271056204855489,0.13606185677269778,0.5006964552888429,15.271056204855489,2046.9086582373232,2060.3373468459595,2066.711349749798
47700,2024-10-10,African Cup of Nations qualification,Cape Verde,Botswana,0-1,0.8196521692974325,False,True,1622.7817972688629,1424.774329344791,198.00746792407176,-19.671652063138378,-19.631163101459368,-19.104226342840743,0.38717888389194255,0.2264916411792649,19.104226342840743,1603.1101452057244,1600.066715539841,1607.3121164529834
47714,2024-10-10,UEFA Nations League,England,Greece,1-2,0.8403971235172384,False,True,2000.1242760162124,1776.5467388234647,223.57753719274774,-20.16953096441372,-20.0,-12.224538044628801,0.14927624913164608,0.08023850818366174,12.224538044628801,1979.9547450517987,1992.319426929242,1994.306136036091
47737,2024-10-11,African Cup of Nations qualification,Tunisia,Comoros,0-1,0.9127294238792446,False,True,1777.2399252181397,1434.4502419298415,342.7896832882982,-21.90550617310187,-20.0,-12.936248449498077,0.16070610005128994,0.13491275603338973,12.936248449498077,1755.3344190450377,1747.800351812675,1771.7123507868198
47852,2024-10-15,African Cup of Nations qualification,Ivory Coast,Sierra Leone,1-0,0.873485578870492,False,True,1740.7250605628924,1405.0787779512527,335.64628261163966,-20.96365389289181,-20.0,-21.16642015054586,1.0,0.08432020864190604,30.0,1719.7614066700005,1738.3815426575588,1734.6948156787703
47880,2024-11-14,FIFA World Cup qualification,Argentina,Paraguay,2-1,0.8530424060842179,False,True,2132.887648061354,1762.3762127170457,370.5114353443082,-20.473017746021227,-20.0,-20.675421638111064,0.9097279644618083,0.03872243091419858,30.0,2112.414630315333,2129.1070992504992,2120.849396490536
47939,2024-11-16,Friendly,Yemen,Sri Lanka,1-0,0.8397875461450435,False,True,1280.7871116400108,992.9978485895083,287.78926305050254,-20.154901107481045,-20.0,-12.46239691883439,0.12567493052781487,0.18077482327085403,12.46239691883439,1260.6322105325298,1260.6986311873122,1266.8427159771543
47966,2024-11-17,UEFA Nations League,Belgium,Israel,1-0,0.8749417761490195,False,True,1946.5879133608778,1608.641154501808,337.94675885906986,-20.998602627576467,-20.0,-21.07628330940915,0.8719960604042514,0.553107764674536,30.0,1925.5893107333013,1938.0434320615022,1938.3867761540846
47971,2024-11-18,African Cup of Nations qualification,Tunisia,Gambia,0-1,0.8847073672736254,False,True,1750.4399186025835,1461.4406836714727,288.9992349311108,-21.23297681456701,-20.0,-21.456873613580207,0.8121417169442666,0.12805337081793303,28.515828173205865,1729.2069417880164,1722.878093936077,1744.9441841042697
47974,2024-11-18,African Cup of Nations qualification,Nigeria,Rwanda,1-2,0.8455120075960197,False,True,1671.459085685084,1441.169065623767,230.2900200613169,-20.292288182304475,-20.0,-18.889267777915087,0.37856492614554593,0.22546369380274828,18.889267777915087,1651.1667975027794,1656.7131749184887,1670.7188221242977
47977,2024-11-18,African Cup of Nations qualification,Ghana,Niger,1-2,0.8452259947858988,False,True,1596.807906415531,1366.897976852644,229.9099295628871,-20.28542387486157,-20.0,-20.83193695747392,0.8202723276682882,0.09080852440084086,28.413004059245644,1576.5224825406694,1577.1933777079512,1578.774502856774
48010,2024-11-19,African Cup of Nations qualification,DR Congo,Ethiopia,1-2,0.8621091334437118,False,True,1632.7365718378417,1379.325873720601,253.4106981172406,-20.69061920264908,-20.0,-12.869467148765299,0.016223332899552766,0.5600133948970041,12.869467148765299,1612.0459526351926,1611.669691611056,1623.2140785912682
48077,2024-12-21,ASEAN Championship,Indonesia,Philippines,0-1,0.8278264261282131,False,True,1479.5024729052996,1271.7133562682031,207.7891166370964,-19.867834227077115,-19.865659919000482,-19.853394833623714,0.6928636445720708,0.417434993093871,27.968207414480666,1459.6346386782225,1447.1376799342606,1449.1259808901993
48090,2024-12-28,Gulf Cup,Bahrain,Yemen,1-2,0.8786239024346181,False,True,1607.2234190490342,1263.3554815731834,343.8679374758508,-21.086973658430836,-20.0,-20.86657988014983,1.0,0.6717344632176896,30.0,1586.1364453906033,1586.2100761214394,1577.7851943902901
48164,2025-03-21,FIFA World Cup qualification,South Africa,Lesotho,0-3,0.895913071400378,False,True,1667.410636249623,1358.4627644666452,308.9478717829777,-37.62834899881587,-20.0,-14.20606992733466,0.23680850272165369,0.06533323275187142,14.20606992733466,1629.782287250807,1644.8528536915492,1655.052419718891
48201,2025-03-22,Friendly,Sweden,Luxembourg,1-0,0.8106216632427972,False,True,1791.0268849406016,1473.4317218327028,317.59516310789877,-19.454919917827134,-20.0,-20.283979224861703,1.0,0.08443970596387551,30.0,1771.5719650227745,1782.5813495853183,1797.646803997823
48525,2025-08-14,Outrigger Challenge Cup,Marshall Islands,United States Virgin Islands,0-4,0.9479790712194699,False,True,1500.0,995.7517409606544,504.2482590393456,-42.659058204876146,-20.0,-8.0,0.0,0.0,8.0,1457.3409417951239,1480.0,1492.0
48526,2025-08-16,Outrigger Challenge Cup,Marshall Islands,Turks and Caicos Islands,3-2,0.8991818376375809,False,True,1457.3409417951239,1077.217442227059,380.12349956806474,-21.58036410330194,-20.0,-21.801006347386434,1.0,0.9379238544429974,30.0,1435.760577691822,1460.0,1470.1989936526136
48674,2025-09-09,FIFA World Cup qualification,Brazil,Bolivia,1-0,0.8665450525820446,False,True,2051.2964753231367,1661.3138879026903,389.9825874204464,-20.79708126196907,-20.0,-17.85630452291182,0.3775493352475613,0.09939005962129377,17.85630452291182,2030.4993940611678,2047.6929809059948,2052.4204031591603
48706,2025-10-09,AFC Asian Cup qualification,Turkmenistan,Sri Lanka,1-0,0.861334706790023,False,True,1414.5719602839426,1032.290291163029,382.28166912091365,-20.67203296296055,-20.0,-20.44446748871328,0.6217626404775364,0.5880906546588467,27.62702860873165,1393.899927320982,1379.9366110139754,1378.1803271581807
48766,2025-10-11,FIFA World Cup qualification,Serbia,Albania,0-1,0.8172913964629608,False,True,1848.6162498213287,1653.3690782561323,195.24717156519637,-19.61499351511106,-19.882361557870922,-19.818387445572423,0.6203376313503388,0.36615288222273257,25.817326210189993,1829.0012563062176,1828.4715240312426,1831.9538779526617
48778,2025-10-12,FIFA World Cup qualification,Czech Republic,Faroe Islands,2-1,0.885869615174824,False,True,1792.8901750111693,1371.9027653064081,420.98740970476115,-21.260870764195776,-20.0,-14.696319636770172,0.23870375837638294,0.12092867946712255,14.696319636770172,1771.6293042469736,1771.5463227271712,1784.5941407285918
48803,2025-10-13,FIFA World Cup qualification,Malawi,São Tomé and Príncipe,1-0,0.8379201662279107,False,True,1465.598496448267,1180.2090324057483,285.38946404251874,-20.110083989469857,-19.926824059152153,-20.002104796677806,0.726263037836873,0.4393260222999471,28.944921086484527,1445.4884124587973,1433.5503127788077,1438.5634855142823
48896,2025-11-13,FIFA World Cup qualification,Portugal,Republic of Ireland,2-0,0.8390858621133314,False,True,2018.4039360519796,1666.519055712223,351.8848803397566,-30.20709103607993,-20.0,-15.00712710450729,0.16464579762398152,0.3819534951914667,15.00712710450729,1988.1968450158997,2012.626929106136,2012.346039450116
48902,2025-11-14,FIFA World Cup qualification,Finland,Malta,0-1,0.8703487225433953,False,True,1603.365428760944,1337.5988303689874,265.7665983919567,-20.88836934104149,-20.0,-16.78672271249482,0.34284735232191715,0.06979828209610095,16.78672271249482,1582.4770594199026,1577.165972836371,1588.37159800633
48960,2025-11-17,Friendly,Bahrain,Somalia,1-2,0.9666544163520863,False,True,1559.025150543969,1039.131984078342,519.893166465627,-23.19970599245007,-20.0,-15.633105954671286,0.2883705991173258,0.0890264469819334,15.633105954671286,1535.8254445515188,1538.803503093167,1539.7421025150413
48961,2025-11-17,Friendly,Qatar,Zimbabwe,1-2,0.8094326552004685,False,True,1626.5787233473086,1440.3258280040156,186.25289534329295,-19.426383724811245,-19.547846456370447,-11.571512803585717,0.008415150647591015,0.4211936485054417,11.571512803585717,1607.1523396224973,1615.570652483704,1633.2628726106982
49129,2026-03-26,FIFA Series,Tanzania,Liechtenstein,0-1,0.89749701332049,False,True,1428.7782126492439,1051.859615774568,376.9185968746758,-21.53992831969176,-20.0,-21.55371748341829,0.8550246941700401,0.03903375070829018,28.832862665747285,1407.238284329552,1405.0363582240846,1402.316820771761
49322,2026-06-04,Friendly,France,Ivory Coast,1-2,0.8885493449786501,False,True,2076.1319441315586,1780.492373817893,295.6395703136657,-21.3251842794876,-20.0,-21.671196364934136,1.0,0.39744070902837375,30.0,2054.806759852071,2071.272032947295,2074.5660307525072
49368,2026-06-06,Friendly,Albania,Luxembourg,0-1,0.8251092198071615,False,True,1654.8104790350637,1450.3126691104796,204.4978099245841,-19.802621275371877,-19.929800969482834,-19.775555410036446,1.0,0.5596270176304463,30.0,1635.007857759692,1623.9055602669932,1622.4753338560538
49372,2026-06-06,Friendly,Cape Verde,Bermuda,3-0,0.8736846283343702,False,True,1667.7145829147692,1331.755186711019,335.9593962037502,-36.69475439004355,-20.0,-23.351330665288607,0.404304477251431,0.7060029014067827,23.351330665288607,1631.0198285247257,1632.8519589479638,1632.439783235623
